team,name,position,grp,snap_share,report_status,practice_status,w_now,override
OAK,Foster Moreau,TE,TE,0.4066666666666667,,,0.0,
OAK,D.J. Swearinger,SS,DB,0.7000000000000001,,,0.0,
OAK,Preston Brown,LB,LB,0.28,,,0.0,
OAK,Richie Incognito,G,OL,1.0,,,0.0,
OAK,Josh Jacobs,RB,RB,0.5166666666666666,,,0.0,
OAK,Keelan Doss,WR,WR,0.48666666666666664,,,0.0,
OAK,Marquel Lee,LB,LB,0.31000000000000005,,,0.0,
OAK,Kolton Miller,T,OL,1.0,,,0.0,
OAK,David Sharpe,T,OL,0.5933333333333334,,,0.0,
OAK,Gabe Jackson,G,OL,1.0,,,0.0,
OAK,Denzelle Good,G,OL,0.6666666666666666,,,0.0,
OAK,Derek Carr,QB,QB,1.0,,,0.0,
OAK,Rodney Hudson,C,OL,1.0,,,0.0,
OAK,Darren Waller,TE,TE,0.8799999999999999,,,0.0,
OAK,Zay Jones,WR,WR,0.67,,,0.0,
OAK,Hunter Renfrow,WR,WR,0.5466666666666667,,,0.0,
OAK,DeAndre Washington,RB,RB,0.5066666666666667,,,0.0,
OAK,Marcell Ateman,WR,WR,0.2833333333333333,,,0.0,
OAK,Tyrell Williams,WR,WR,0.7066666666666667,,,0.0,
OAK,Jalen Richard,RB,RB,0.3066666666666667,,,0.0,
OAK,Derek Carrier,TE,TE,0.2633333333333333,,,0.0,
OAK,Alec Ingold,FB,RB,0.23666666666666666,,,0.0,
OAK,Eric Tomlinson,TE,TE,0.21,,,0.0,
OAK,Erik Harris,SS,DB,1.0,,,0.0,
OAK,William Compton,LB,LB,0.9933333333333333,,,0.0,
OAK,Curtis Riley,FS,DB,0.5833333333333334,,,0.0,
OAK,Daryl Worley,CB,DB,0.9566666666666667,,,0.0,
OAK,Trayvon Mullen,CB,DB,0.8966666666666666,,,0.0,
OAK,Tahir Whitehead,LB,LB,0.6699999999999999,,,0.0,
OAK,Maxx Crosby,DE,DL,0.7733333333333334,,,0.0,
OAK,Johnathan Hankins,DT,DL,0.5733333333333334,,,0.0,
OAK,Maurice Hurst Jr.,DT,DL,0.6433333333333334,,,0.0,
OAK,Lamarcus Joyner,FS,DB,0.5833333333333334,,,0.0,
OAK,Clelin Ferrell,DE,DL,0.4833333333333334,,,0.0,
OAK,P.J. Hall,DT,DL,0.47,,,0.0,
OAK,Dion Jordan,DE,DL,0.5000000000000001,,,0.0,
OAK,Nicholas Morrow,LB,LB,0.31333333333333335,,,0.0,
OAK,Josh Mauro,DE,DL,0.22666666666666668,,,0.0,
OAK,Benson Mayowa,DE,DL,0.33666666666666667,,,0.0,
OAK,Nevin Lawson,CB,DB,0.71,,,0.0,
OAK,Brandon Parker,T,OL,0.44,,,0.0,
LAC,Trey Pipkins,T,OL,0.4533333333333333,,,0.0,
ARI,Josh Fryar,OL,OL,0.6666666666666666,,,0.0,
BAL,Ja'Kobi Lane,WR,WR,0.4,,,0.0,
HOU,Henry To'oTo'o,LB,LB,0.8466666666666666,,,0.0,
CAR,Jimmy Horn,WR,WR,0.26,,,0.0,
CLE,Dylan Sampson,RB,RB,0.28333333333333327,,,0.0,
NYG,Paulson Adebo,CB,DB,0.7166666666666667,,,0.0,
DAL,DeMarvion Overshown,LB,LB,0.5866666666666667,,Did Not Participate In Practice,0.0,
KC,Cooper McDonald,LB,LB,0.23666666666666666,,,0.0,
MIN,Jordan Mason,RB,RB,0.3066666666666667,,,0.0,
SEA,Anthony Bradford,G,OL,1.0,,,0.0,
NE,A.J. Brown,WR,WR,0.44,,,0.0,
NO,Christen Miller,DL,DL,0.32,,,0.0,
LA,Myles Garrett,LB,LB,0.62,,,0.0,
SF,De'Zhaun Stribling,WR,WR,0.32,,,0.0,
SF,Jake Tonges,TE,TE,0.26999999999999996,,,0.0,
CIN,B.J. Hill,DT,DL,0.4133333333333334,,,0.0,
PHI,Landon Dickerson,G,OL,0.9799999999999999,,,0.0,
WAS,Jordan Magee,LB,LB,0.3733333333333333,,,0.0,
ATL,Cooper Rush,QB,QB,0.79,,,0.0,
ATL,Jack Strand,QB,QB,0.42,,,0.0,
ATL,AJ Terrell,CB,DB,0.6733333333333333,,,0.0,
CAR,Xavier Legette,WR,WR,0.4466666666666667,,,0.0,
CAR,Cam Jackson,DT,DL,0.36000000000000004,,,0.0,
CIN,Andrei Iosivas,WR,WR,0.5566666666666668,,,0.0,
TB,Rueben Bain,LB,LB,0.62,,Full Participation in Practice,0.0,
BUF,Tylan Grable,T,OL,0.3366666666666667,,,0.0,
BUF,DeAundre Alford,CB,DB,0.595,,,0.0,
BUF,Jordan Hancock,DB,DB,0.35000000000000003,,,0.0,
DET,Ben Bartch,OL,OL,0.9299999999999999,,,0.0,
DET,Thomas Harper,S,DB,0.4366666666666667,,,0.0,
DET,Devin White,LB,LB,0.325,,,0.0,
DET,Avonte Maddox,DB,DB,0.7599999999999999,,,0.0,
NYJ,Adonai Mitchell,WR,WR,0.6766666666666666,,,0.0,
NYJ,Mason Taylor,TE,TE,0.5933333333333334,,,0.0,
NYJ,David Onyemata,DL,DL,0.45999999999999996,,,0.0,
GB,Aaron Banks,G,OL,0.41333333333333333,,,0.0,
GB,Zach Bako-Bewele,OL,OL,0.6833333333333332,,,0.0,
GB,Jayden Reed,WR,WR,0.25333333333333335,,,0.0,
IND,Alec Pierce,WR,WR,0.51,,,0.0,
IND,Micheal Clemons,DE,DL,0.255,,,0.0,
DEN,Jonah Coleman,RB,RB,0.23,,,0.0,
DEN,Lil'Jordan Humphrey,WR,WR,0.3066666666666667,,,0.0,
LAC,Kayode Awosika,G,OL,0.69,,,0.0,
LAC,Charlie Kolar,TE,TE,0.585,,,0.0,
LAC,David Njoku,TE,TE,0.35500000000000004,,,0.0,
LAC,Dalvin Tomlinson,DL,DL,0.465,,,0.0,
SF,Demarcus Robinson,WR,WR,0.6066666666666666,,,0.0,
SF,Nick Bosa,DL,DL,0.49333333333333335,,,0.0,
SF,CJ West,DL,DL,0.42333333333333334,,,0.0,
SF,James Thompson,DL,DL,0.35,,,0.0,
MIA,Caleb Douglas,WR,WR,0.885,,,0.0,
MIA,Robert Beal,DE,DL,0.295,,,0.0,
CHI,Caleb Williams,QB,QB,0.9533333333333333,,,0.0,
MIN,Carson Wentz,QB,QB,0.9033333333333333,,,0.0,
NO,Kelvin Banks,T,OL,0.6,,,0.0,
NYG,Devin Singletary,RB,RB,0.3133333333333333,,,0.0,
NYG,Jaxson Dart,QB,QB,0.7066666666666667,,,0.0,
NYG,Josh Tupou,DL,DL,0.42,,,0.0,
PHI,Dallas Goedert,TE,TE,0.6666666666666666,,,0.0,
PHI,Marquise Brown,WR,WR,0.22,,,0.0,
PHI,Fred Johnson,T,OL,0.3333333333333333,,,0.0,
NE,Michael Onwenu,OL,OL,0.7566666666666667,,,0.0,
NE,Dell Pettus,S,DB,0.20333333333333334,,,0.0,
PIT,Spencer Anderson,OL,OL,0.7600000000000001,,,0.0,
PIT,Rico Dowdle,RB,RB,0.42,,,0.0,
PIT,Mason Rudolph,QB,QB,0.39999999999999997,,,0.0,
ARI,Will Johnson,CB,DB,0.7666666666666666,,,0.0,
ARI,Dadrion Taylor-Demerson,S,DB,0.4666666666666666,,,0.0,
SEA,Drew Lock,QB,QB,0.6766666666666667,,,0.0,
DAL,Cobie Durant,CB,DB,0.62,,Did Not Participate In Practice,0.0,
DAL,P.J. Locke,S,DB,0.22499999999999998,,,0.0,
WAS,Samuel Cosmi,G,OL,0.9633333333333333,,,0.0,
WAS,Jayden Daniels,QB,QB,0.7666666666666666,,,0.0,
WAS,Nick Cross,S,DB,0.99,,,0.0,
WAS,Javontae Jean-Baptiste,LB,LB,0.22666666666666668,,,0.0,
SF,KhaDarel Hodge,WR,WR,0.32,,,0.0,
SF,Kevin Givens,DL,DL,0.33,,,0.0,
ARI,Starling Thomas,CB,DB,0.45999999999999996,,,0.0,
GB,Jager Burton,C,OL,0.6950000000000001,,,0.0,
GB,Jacob Monk,C,OL,0.9633333333333334,,,0.0,
GB,Donovan Jennings,G,OL,0.45,,,0.0,
ATL,Bralen Trice,DE,DL,0.265,,,0.0,
ATL,Jared Ivey,LB,LB,0.25,,,0.0,
DAL,Jalen Thompson,S,DB,0.8066666666666666,,,0.0,
DAL,Jonathan Bullard,DT,DL,0.31666666666666665,,,0.0,
DAL,Caelen Carson,CB,DB,0.49666666666666676,,,0.0,
BAL,Jovaughn Gwyn,OL,OL,0.9066666666666666,,,0.0,
BAL,Chris Moore,WR,WR,0.48000000000000004,,,0.0,
BAL,Trey Hendrickson,LB,LB,0.6266666666666666,,,0.0,
CLE,Elgton Jenkins,C,OL,1.0,,,0.0,
CLE,Tylan Wallace,WR,WR,0.24333333333333332,,,0.0,
CLE,Shedeur Sanders,QB,QB,0.6699999999999999,,,0.0,
CAR,Damien Lewis,G,OL,0.89,,,0.0,
CAR,Jalen Coker,WR,WR,0.6533333333333333,,,0.0,
CAR,Jaycee Horn,CB,DB,0.8733333333333334,,,0.0,
CAR,Michael Jackson,CB,DB,0.69,,,0.0,
CIN,Kyle Dugger,S,DB,0.22,,,0.0,
CIN,Bryan Cook,S,DB,0.7799999999999999,,,0.0,
CIN,Jalen Davis,CB,DB,0.6133333333333332,,,0.0,
IND,Keenan Allen,WR,WR,0.6366666666666667,,,0.0,
HOU,Azeez Al-Shaair,LB,LB,0.9199999999999999,,,0.0,
HOU,Mario Edwards,DT,DL,0.2966666666666667,,,0.0,
MIA,De'Von Achane,RB,RB,0.5566666666666665,,,0.0,
MIA,Clelin Ferrell,DE,DL,0.2366666666666667,,,0.0,
MIA,Andrew Meyer,C,OL,0.3333333333333333,,,0.0,
KC,Kingsley Suamataia,OL,OL,1.0,,,0.0,
BUF,Christian Benford,CB,DB,0.91,,,0.0,
LAC,Derwin James,S,DB,0.9433333333333334,,,0.0,
DEN,Dondrea Tillman,LB,LB,0.36000000000000004,,,0.0,
LA,Xavier Smith,WR,WR,0.3733333333333333,,,0.0,
LA,Colby Parkinson,TE,TE,0.6366666666666666,,,0.0,
LA,Terrance Ferguson,TE,TE,0.45,,,0.0,
LA,Aaron Donald,DE,DL,0.65,,,0.0,
LA,Jaylen Watson,CB,DB,0.75,,,0.0,
NO,Noah Fant,TE,TE,0.47333333333333333,,,0.0,
NO,Travis Etienne,RB,RB,0.5033333333333333,,,0.0,
NO,Kaden Elliss,LB,LB,1.0,,,0.0,
NO,Carl Granderson,DE,DL,0.65,,,0.0,
NO,Anfernee Jennings,DE,DL,0.26,,,0.0,
LV,Jackson Powers-Johnson,G,OL,0.9766666666666666,,,0.0,
LV,Jack Bech,WR,WR,0.3666666666666667,,,0.0,
LV,Jonah Laulu,DT,DL,0.3066666666666667,,,0.0,
LV,Tristin McCollum,S,DB,0.22333333333333336,,,0.0,
TB,Baker Mayfield,QB,QB,0.98,,Did Not Participate In Practice,0.0,
TB,Jalen McMillan,WR,WR,0.23,,,0.0,
TB,Benjamin Morrison,CB,DB,0.5633333333333334,,Did Not Participate In Practice,0.0,
MIN,Josh Oliver,TE,TE,0.5533333333333333,,,0.0,
MIN,Justin Jefferson,WR,WR,0.68,,,0.0,
JAX,Montaric Brown,CB,DB,0.6733333333333333,,,0.0,
NE,Greg Van Roten,OL,OL,0.36999999999999994,,,0.0,
NE,Christian Gonzalez,CB,DB,0.9466666666666667,,,0.0,
NE,Christian Barmore,DT,DL,0.5199999999999999,,,0.0,
NE,Jeremiah Pharms,DT,DL,0.22,,,0.0,
NYJ,Dylan Parham,OL,OL,0.86,,,0.0,
NYJ,Breece Hall,RB,RB,0.57,,,0.0,
NYJ,Kingsley Enagbare,DE,DL,0.64,,,0.0,
CHI,Braxton Jones,OL,OL,0.65,,,0.0,
CHI,Cameron Lewis,DB,DB,0.8366666666666666,,,0.0,
CHI,James Lynch,DL,DL,0.40666666666666673,,,0.0,
PHI,Lane Johnson,T,OL,1.0,,,0.0,
PHI,DeVonta Smith,WR,WR,0.9433333333333334,,,0.0,
PHI,Zack Baun,LB,LB,0.9733333333333333,,,0.0,
PHI,Marcus Epps,S,DB,0.6266666666666666,,,0.0,
WAS,Terry McLaurin,WR,WR,0.7733333333333333,,,0.0,
WAS,Rachaad White,RB,RB,0.4533333333333333,,,0.0,
WAS,Leo Chenal,LB,LB,0.49333333333333335,,,0.0,
SEA,Jadarian Price,RB,RB,0.3666666666666667,,,0.0,
SEA,Olusegun Oluwatimi,C,OL,0.2966666666666667,,,0.0,
NYG,John Michael Schmitz,C,OL,1.0,,,0.0,
NYG,Brian Burns,LB,LB,0.6466666666666666,,,0.0,
TEN,Jackson Slater,G,OL,0.32666666666666666,,,0.0,
TEN,Fernando Carmona,G,OL,0.6733333333333333,,,0.0,
NYG,Jon Runyan Jr.,G,OL,1.0,,,0.0,
NYG,Jermaine Eluemunor,OL,OL,1.0,,,0.0,
NYG,Francis Mauigoa,OL,OL,1.0,,,0.0,
NYG,Bryan Hudson,C,OL,0.3333333333333333,,,0.0,
NYG,Andrew Thomas,T,OL,1.0,,,0.0,
NYG,Jameis Winston,QB,QB,0.96,,,0.0,
NYG,Malik Nabers,WR,WR,0.7599999999999999,,,0.0,
NYG,Malachi Fields,WR,WR,0.7200000000000001,,,0.0,
NYG,Isaiah Likely,TE,TE,0.73,,,0.0,
NYG,Cam Skattebo,RB,RB,0.6666666666666666,,,0.0,
NYG,Darnell Mooney,WR,WR,0.5700000000000001,,,0.0,
NYG,Chris Manhertz,TE,TE,0.42333333333333334,,,0.0,
NYG,Patrick Ricard,FB,RB,0.41333333333333333,,,0.0,
NYG,Theo Johnson,TE,TE,0.26,,,0.0,
NYG,Greg Newsome II,CB,DB,0.9900000000000001,,,0.0,
NYG,Arvell Reese,LB,LB,0.9833333333333334,,,0.0,
NYG,Jevon Holland,S,DB,1.0,,,0.0,
NYG,Deonte Banks,CB,DB,0.7866666666666665,,,0.0,
NYG,Tremaine Edmunds,LB,LB,1.0,,,0.0,
NYG,Abdul Carter,LB,LB,0.9433333333333334,,,0.0,
NYG,Kayvon Thibodeaux,LB,LB,0.7133333333333333,,,0.0,
NYG,Tyler Nubin,S,DB,0.9233333333333333,,,0.0,
NYG,Andru Phillips,CB,DB,0.65,,,0.0,
NYG,D.J. Reader,DL,DL,0.5566666666666666,,,0.0,
NYG,Shelby Harris,DL,DL,0.48666666666666664,,,0.0,
NYG,Darius Alexander,DL,DL,0.41333333333333333,,,0.0,
NYG,Chauncey Golston,DL,DL,0.5299999999999999,,,0.0,
NYG,Jason Pinnock,S,DB,0.62,,,0.0,
NYG,CJ Okoye,DL,DL,0.2733333333333334,,,0.0,
NYG,Colton Hood,CB,DB,0.65,,,0.0,
ARI,Isaac Seumalo,OL,OL,1.0,,,0.0,
ARI,Elijah Wilkinson,OL,OL,1.0,,,0.0,
ARI,Hjalte Froholdt,OL,OL,1.0,,,0.0,
ARI,Jacoby Brissett,QB,QB,1.0,,,0.0,
ARI,Paris Johnson,OL,OL,0.9933333333333333,,,0.0,
ARI,Trey McBride,TE,TE,0.92,,,0.0,
ARI,Michael Wilson,WR,WR,0.9366666666666666,,,0.0,
ARI,Marvin Harrison Jr.,WR,WR,0.7200000000000001,,,0.0,
ARI,Kendrick Bourne,WR,WR,0.5966666666666667,,,0.0,
ARI,Tyler Allgeier,RB,RB,0.5166666666666667,,,0.0,
ARI,Jeremiyah Love,RB,RB,0.49666666666666665,,,0.0,
ARI,Isaiah Adams,OL,OL,0.8066666666666666,,,0.0,
ARI,Elijah Higgins,TE,TE,0.34,,,0.0,
ARI,Hunter Long,TE,TE,0.3133333333333333,,,0.0,
ARI,Budda Baker,S,DB,1.0,,,0.0,
ARI,Mack Wilson,LB,LB,0.9633333333333334,,,0.0,
ARI,Wydett Williams,S,DB,0.41333333333333333,,,0.0,
ARI,Jack Gibbens,LB,LB,0.9433333333333334,,,0.0,
ARI,Max Melton,CB,DB,0.7200000000000001,,,0.0,
ARI,Denzel Burke,CB,DB,0.89,,,0.0,
ARI,Dante Stills,DL,DL,0.5966666666666668,,,0.0,
ARI,Walter Nolen,DL,DL,0.6,,,0.0,
ARI,Josh Sweat,LB,LB,0.49000000000000005,,,0.0,
ARI,Zaven Collins,LB,LB,0.44666666666666677,,,0.0,
ARI,Garrett Williams,CB,DB,0.3333333333333333,,,0.0,
ARI,Baron Browning,LB,LB,0.48333333333333334,,,0.0,
ARI,Jordan Burch,LB,LB,0.4533333333333333,,,0.0,
ARI,Roy Lopez,DL,DL,0.5866666666666667,,,0.0,
ARI,L.J. Collier,DL,DL,0.39999999999999997,,,0.0,
ARI,Darius Robinson,DL,DL,0.35000000000000003,,,0.0,
ARI,Andrew Wingard,S,DB,0.68,,,0.0,
NO,Cesar Ruiz,C,OL,1.0,,,0.0,
NO,Asim Richards,OL,OL,0.8033333333333333,,,0.0,
NO,David Edwards,G,OL,1.0,,,0.0,
NO,Taliese Fuaga,T,OL,1.0,,,0.0,
NO,Tyler Shough,QB,QB,1.0,,,0.0,
NO,Erik McCoy,C,OL,1.0,,,0.0,
NO,Devaughn Vele,WR,WR,0.91,,,0.0,
NO,Chris Olave,WR,WR,0.8466666666666667,,,0.0,
NO,Bryce Lance,WR,WR,0.7866666666666666,,,0.0,
NO,Juwan Johnson,TE,TE,0.6433333333333334,,,0.0,
NO,CJ Donaldson,RB,RB,0.27666666666666667,,,0.0,
NO,Alvin Kamara,RB,RB,0.33,,,0.0,
NO,Oscar Delp,TE,TE,0.21333333333333335,,,0.0,
NO,Kendre Miller,RB,RB,0.24666666666666667,,,0.0,
NO,Danny Stutsman,LB,LB,0.5566666666666666,,,0.0,
NO,Justin Reid,S,DB,1.0,,,0.0,
NO,Kool-Aid McKinstry,CB,DB,1.0,,,0.0,
NO,Julian Blackmon,S,DB,1.0,,,0.0,
NO,Quincy Riley,CB,DB,0.9666666666666667,,,0.0,
NO,Pete Werner,LB,LB,0.6566666666666667,,,0.0,
NO,Chase Young,DE,DL,0.7033333333333335,,,0.0,
NO,Jonas Sanker,S,DB,0.62,,,0.0,
NO,Nathan Shepherd,DL,DL,0.6466666666666666,,,0.0,
NO,Tyree Wilson,DE,DL,0.28,,,0.0,
NO,Vernon Broughton,DL,DL,0.5566666666666666,,,0.0,
NO,Cameron Jordan,DE,DL,0.5166666666666667,,,0.0,
NO,Khristian Boyd,DL,DL,0.38333333333333336,,,0.0,
NO,Colby Wooden,DL,DL,0.3233333333333333,,,0.0,
NO,Davon Godchaux,DL,DL,0.38666666666666666,,,0.0,
NO,John Ridgeway,DL,DL,0.29,,,0.0,
ATL,Matthew Bergeron,OL,OL,1.0,,,0.0,
ATL,Ryan Neuzil,OL,OL,1.0,,,0.0,
ATL,Jawaan Taylor,T,OL,0.8733333333333334,,,0.0,
ATL,Michael Penix,QB,QB,0.8733333333333334,,,0.0,
ATL,Chris Lindstrom,G,OL,0.9533333333333331,,,0.0,
ATL,Drake London,WR,WR,0.8133333333333335,,,0.0,
ATL,Michael Jerrell,OL,OL,0.4000000000000001,,,0.0,
ATL,Jahan Dotson,WR,WR,0.68,,,0.0,
ATL,Bijan Robinson,RB,RB,0.61,,,0.0,
ATL,Charlie Woerner,TE,TE,0.5599999999999999,,,0.0,
ATL,Kyle Pitts,TE,TE,0.49333333333333335,,,0.0,
ATL,Brian Robinson Jr.,RB,RB,0.38999999999999996,,,0.0,
ATL,Olamide Zaccheaus,WR,WR,0.37999999999999995,,,0.0,
ATL,Nick Muse,TE,TE,0.24666666666666667,,,0.0,
ATL,Chris Blair,WR,WR,0.30666666666666664,,,0.0,
ATL,Zachariah Branch,WR,WR,0.20333333333333334,,,0.0,
ATL,Austin Hooper,TE,TE,0.2966666666666667,,,0.0,
ATL,Jake Matthews,T,OL,0.73,,,0.0,
ATL,Xavier Watts,S,DB,0.9700000000000001,,,0.0,
ATL,C.J. Henderson,CB,DB,0.9066666666666666,,,0.0,
ATL,Jessie Bates III,S,DB,0.9133333333333332,,,0.0,
ATL,Divine Deablo,LB,LB,0.8766666666666666,,,0.0,
ATL,Billy Bowman,CB,DB,0.7233333333333333,,,0.0,
ATL,Harold Perkins,LB,LB,0.58,,,0.0,
ATL,Mike Hughes,CB,DB,0.8333333333333334,,,0.0,
ATL,Cameron Thomas,DE,DL,0.63,,,0.0,
ATL,Gervon Dexter,DT,DL,0.5333333333333333,,,0.0,
ATL,Samson Ebukam,DE,DL,0.48,,,0.0,
ATL,Brandon Dorlus,DL,DL,0.5333333333333333,,,0.0,
ATL,Yasir Abdullah,LB,LB,0.39333333333333337,,,0.0,
ATL,Avieon Terrell,CB,DB,0.36000000000000004,,,0.0,
ATL,Maason Smith,DL,DL,0.5033333333333334,,,0.0,
ATL,Zach Harrison,DL,DL,0.3633333333333333,,,0.0,
ATL,Kendal Daniels,LB,LB,0.4633333333333334,,,0.0,
ATL,Sydney Brown,DB,DB,0.28,,,0.0,
ATL,LaCale London,DL,DL,0.32,,,0.0,
ATL,Za'Darius Smith,DE,DL,0.31,,,0.0,
HOU,Ed Ingram,G,OL,0.93,,,0.0,
HOU,Keylan Rutledge,C,OL,1.0,,,0.0,
HOU,Trent Brown,T,OL,1.0,,,0.0,
HOU,Aireontae Ersery,T,OL,1.0,,,0.0,
HOU,C.J. Stroud,QB,QB,1.0,,,0.0,
HOU,Evan Brown,C,OL,1.0,,,0.0,
HOU,Nico Collins,WR,WR,0.6966666666666667,,,0.0,
HOU,Dalton Schultz,TE,TE,0.62,,,0.0,
HOU,Jaylin Noel,WR,WR,0.49333333333333335,,,0.0,
HOU,Kayshon Boutte,WR,WR,0.6766666666666666,,,0.0,
HOU,David Montgomery,RB,RB,0.57,,,0.0,
HOU,Woody Marks,RB,RB,0.43,,,0.0,
HOU,Foster Moreau,TE,TE,0.4066666666666667,,,0.0,
HOU,Xavier Hutchinson,WR,WR,0.5533333333333333,,,0.0,
HOU,Jared Wayne,WR,WR,0.4666666666666666,,,0.0,
HOU,Cade Stover,TE,TE,0.26000000000000006,,,0.0,
HOU,Brevin Jordan,TE,TE,0.3466666666666666,,,0.0,
HOU,Kamari Lassiter,CB,DB,1.0,,,0.0,
HOU,Derek Stingley Jr.,CB,DB,1.0,,,0.0,
HOU,Jalen Pitre,S,DB,0.9899999999999999,,,0.0,
HOU,Calen Bullock,S,DB,0.9866666666666667,,,0.0,
HOU,Jake Hansen,LB,LB,0.9433333333333334,,,0.0,
HOU,Reed Blankenship,S,DB,0.9266666666666667,,,0.0,
HOU,Kenneth Murray,LB,LB,0.82,,,0.0,
HOU,Will Anderson,DE,DL,0.79,,,0.0,
HOU,Danielle Hunter,DE,DL,0.7966666666666667,,,0.0,
HOU,Sheldon Rankins,DT,DL,0.6933333333333334,,,0.0,
HOU,Tommy Togiai,DT,DL,0.6266666666666667,,,0.0,
HOU,Logan Hall,DE,DL,0.37666666666666665,,,0.0,
HOU,Jadeveon Clowney,DE,DL,0.36,,,0.0,
HOU,Dominique Robinson,DE,DL,0.20666666666666667,,,0.0,
HOU,Wyatt Teller,G,OL,0.6666666666666666,,,0.0,
DAL,T.J. Bass,G,OL,1.0,,,0.0,
DAL,Cooper Beebe,C,OL,1.0,,,0.0,
DAL,Terence Steele,T,OL,0.9966666666666667,,,0.0,
DAL,Tyler Guyton,T,OL,1.0,,,0.0,
DAL,Tyler Booker,G,OL,1.0,,,0.0,
DAL,Dak Prescott,QB,QB,1.0,,,0.0,
DAL,CeeDee Lamb,WR,WR,0.81,,Full Participation in Practice,0.0,
DAL,George Pickens,WR,WR,0.8233333333333333,,,0.0,
DAL,Javonte Williams,RB,RB,0.7666666666666667,,,0.0,
DAL,Ryan Flournoy,WR,WR,0.7200000000000001,,,0.0,
DAL,Jake Ferguson,TE,TE,0.6666666666666666,,,0.0,
DAL,Brevyn Spann-Ford,TE,TE,0.3866666666666667,,,0.0,
DAL,Caleb Downs,DB,DB,1.0,,,0.0,
DAL,DaRon Bland,CB,DB,0.98,,,0.0,
DAL,Dee Winters,LB,LB,0.7466666666666666,,,0.0,
DAL,Donovan Ezeiruaku,LB,LB,0.7400000000000001,,,0.0,
DAL,Malik Hooker,S,DB,0.5966666666666667,,Full Participation in Practice,0.0,
DAL,Reddy Steward,CB,DB,0.4466666666666666,,,0.0,
DAL,Jaishawn Barham,LB,LB,0.7066666666666667,,,0.0,
DAL,Quinnen Williams,DT,DL,0.7133333333333334,,,0.0,
DAL,Rashan Gary,LB,LB,0.6966666666666667,,,0.0,
DAL,Kenny Clark,DT,DL,0.6766666666666666,,,0.0,
DAL,Shemar James,LB,LB,0.4466666666666667,,,0.0,
DAL,Joey Porter Jr.,CB,DB,0.45,,Full Participation in Practice,0.0,
DAL,Malachi Lawrence,LB,LB,0.3166666666666667,,,0.0,
DAL,LT Overton,DT,DL,0.26666666666666666,,,0.0,
DAL,Otito Ogbonnia,DT,DL,0.4466666666666666,,,0.0,
DAL,Von Miller,LB,LB,0.26666666666666666,,,0.0,
DAL,Markquese Bell,S,DB,0.5566666666666666,,,0.0,
DAL,Shavon Revel,CB,DB,0.43,,,0.0,
DAL,Juanyeh Thomas,S,DB,0.6133333333333334,,,0.0,
SF,Connor Colby,OL,OL,1.0,,,0.0,
SF,Dominick Puni,OL,OL,0.96,,,0.0,
SF,Colton McKivitz,OL,OL,1.0,,,0.0,
SF,Jake Brendel,OL,OL,0.9499999999999998,,,0.0,
SF,Trent Williams,T,OL,0.8133333333333331,,,0.0,
SF,Brock Purdy,QB,QB,0.9500000000000001,,,0.0,
SF,George Kittle,TE,TE,0.7466666666666667,,,0.0,
SF,Christian McCaffrey,RB,RB,0.6966666666666667,,,0.0,
SF,Deebo Samuel,WR,WR,0.6766666666666667,,,0.0,
SF,Mike Evans,WR,WR,0.48666666666666664,,,0.0,
SF,Luke Farrell,TE,TE,0.4366666666666667,,,0.0,
SF,Kyle Juszczyk,FB,RB,0.47000000000000003,,,0.0,
SF,Jordan Watkins,WR,WR,0.26,,,0.0,
SF,Jacob Cowing,WR,WR,0.36333333333333334,,,0.0,
SF,Kaelon Black,RB,RB,0.24666666666666667,,,0.0,
SF,Fred Warner,LB,LB,0.9366666666666666,,,0.0,
SF,Deommodore Lenoir,DB,DB,0.9199999999999999,,,0.0,
SF,Renardo Green,CB,DB,0.96,,,0.0,
SF,Ji'Ayir Brown,S,DB,0.9566666666666667,,,0.0,
SF,Dre Greenlaw,LB,LB,0.75,,,0.0,
SF,Osa Odighizuwa,DL,DL,0.7600000000000001,,,0.0,
SF,Keion White,DL,DL,0.6566666666666666,,,0.0,
SF,Marques Sigle,S,DB,0.8366666666666666,,,0.0,
SF,Romello Height,DL,DL,0.53,,,0.0,
SF,Upton Stout,CB,DB,0.5866666666666667,,,0.0,
SF,Sebastian Valdez,DL,DL,0.375,,,0.0,
SF,Gracen Halton,DL,DL,0.42,,,0.0,
SF,Ogbonnia Okoronkwo,DL,DL,0.4000000000000001,,,0.0,
SF,Khalid Kareem,DL,DL,0.36666666666666664,,,0.0,
SF,Jaden Dugger,LB,LB,0.3066666666666667,,,0.0,
SF,Naquan Jones,DL,DL,0.22,,,0.0,
SF,Jack Jones,CB,DB,0.2333333333333333,,,0.0,
SF,Matt Judon,DL,DL,0.21,,,0.0,
DEN,Ben Powers,G,OL,0.9933333333333333,,,0.0,
DEN,Garett Bolles,T,OL,0.9933333333333333,,,0.0,
DEN,Quinn Meinerz,G,OL,0.9833333333333334,,,0.0,
DEN,Mike McGlinchey,T,OL,0.9933333333333333,,,0.0,
DEN,Luke Wattenberg,C,OL,0.9933333333333333,,,0.0,
DEN,Bo Nix,QB,QB,0.9933333333333333,,,0.0,
DEN,Courtland Sutton,WR,WR,0.7766666666666667,,,0.0,
DEN,Jaylen Waddle,WR,WR,0.6733333333333333,,,0.0,
DEN,Evan Engram,TE,TE,0.5966666666666667,,,0.0,
DEN,Troy Franklin,WR,WR,0.29,,,0.0,
DEN,Adam Trautman,TE,TE,0.5,,,0.0,
DEN,RJ Harvey,RB,RB,0.4366666666666667,,,0.0,
DEN,Pat Bryant,WR,WR,0.5733333333333333,,,0.0,
DEN,J.K. Dobbins,RB,RB,0.38333333333333336,,,0.0,
DEN,Marvin Mims,WR,WR,0.25666666666666665,,,0.0,
DEN,Nate Adkins,TE,TE,0.3066666666666667,,,0.0,
DEN,Tyler Badie,RB,RB,0.20666666666666667,,,0.0,
DEN,Talanoa Hufanga,S,DB,0.9899999999999999,,,0.0,
DEN,Brandon Jones,S,DB,0.9900000000000001,,,0.0,
DEN,Alex Singleton,LB,LB,1.0,,,0.0,
DEN,Justin Strnad,LB,LB,0.8133333333333334,,,0.0,
DEN,Quandarrius Robinson,LB,LB,0.45999999999999996,,,0.0,
DEN,Malcolm Roach,DT,DL,0.6166666666666666,,,0.0,
DEN,Eyioma Uwazurike,DL,DL,0.5066666666666667,,,0.0,
DEN,Zach Allen,DL,DL,0.7200000000000001,,,0.0,
DEN,Jahdae Barron,CB,DB,0.3066666666666667,,,0.0,
DEN,Jonah Elliss,LB,LB,0.64,,,0.0,
DEN,Nik Bonitto,LB,LB,0.6466666666666668,,,0.0,
DEN,D.J. Jones,DT,DL,0.4633333333333334,,,0.0,
DEN,Riley Moss,CB,DB,0.8333333333333334,,,0.0,
DEN,Patrick Surtain II,CB,DB,0.8133333333333334,,,0.0,
DEN,Ja'Quan McMillian,CB,DB,0.5433333333333333,,,0.0,
DEN,Jordan Jackson,DL,DL,0.25333333333333335,,,0.0,
CAR,Corey Bullock,T,OL,0.44333333333333336,,,0.0,
CAR,Rasheed Walker,T,OL,0.98,,,0.0,
CAR,Robert Hunt,G,OL,0.9933333333333333,,,0.0,
CAR,Bryce Young,QB,QB,0.98,,,0.0,
CAR,Luke Fortner,C,OL,0.98,,,0.0,
CAR,Brycen Tremayne,WR,WR,0.6333333333333334,,,0.0,
CAR,Tetairoa McMillan,WR,WR,0.88,,,0.0,
CAR,Chuba Hubbard,RB,RB,0.7766666666666667,,,0.0,
CAR,Monroe Freeling,T,OL,0.88,,,0.0,
CAR,Mitchell Evans,TE,TE,0.48666666666666664,,,0.0,
CAR,Darren Waller,TE,TE,0.49333333333333335,,,0.0,
CAR,Tommy Tremble,TE,TE,0.5166666666666667,,,0.0,
CAR,John Metchie,WR,WR,0.3466666666666667,,,0.0,
CAR,Akayleb Evans,CB,DB,0.5533333333333333,,,0.0,
CAR,Will Lee,CB,DB,0.8166666666666668,,,0.0,
CAR,Tre'von Moehrig,S,DB,0.9533333333333333,,,0.0,
CAR,Devin Lloyd,LB,LB,0.9,,,0.0,
CAR,Nick Scott,S,DB,0.6733333333333333,,,0.0,
CAR,Derrick Brown,DT,DL,0.6999999999999998,,,0.0,
CAR,Patrick Jones II,LB,LB,0.6533333333333333,,,0.0,
CAR,Bobby Okereke,LB,LB,0.8233333333333334,,,0.0,
CAR,Zakee Wheatley,S,DB,0.5966666666666667,,,0.0,
CAR,Jaelan Phillips,LB,LB,0.6666666666666666,,,0.0,
CAR,Princely Umanmielen,LB,LB,0.45,,,0.0,
CAR,Lee Hunter,DT,DL,0.35333333333333333,,,0.0,
CAR,Bobby Brown,DT,DL,0.41333333333333333,,,0.0,
CAR,Aaron Hall,DT,DL,0.37666666666666665,,,0.0,
CAR,Lathan Ransom,S,DB,0.7033333333333333,,,0.0,
CAR,Trevis Gipson,LB,LB,0.32,,,0.0,
CAR,TeRah Edwards,DT,DL,0.33666666666666667,,,0.0,
CAR,Tyrel Dodson,LB,LB,0.27,,,0.0,
DET,Tate Ratledge,OL,OL,1.0,,,0.0,
DET,Blake Miller,T,OL,1.0,,,0.0,
DET,Juice Scruggs,OL,OL,1.0,,,0.0,
DET,Christian Mahogany,OL,OL,0.7133333333333333,,,0.0,
DET,Penei Sewell,T,OL,1.0,,,0.0,
DET,Jared Goff,QB,QB,1.0,,,0.0,
DET,Jameson Williams,WR,WR,0.9266666666666666,,,0.0,
DET,Amon-Ra St. Brown,WR,WR,0.8833333333333333,,,0.0,
DET,Jahmyr Gibbs,RB,RB,0.7966666666666665,,,0.0,
DET,Isaac TeSlaa,WR,WR,0.6833333333333332,,,0.0,
DET,Sam LaPorta,TE,TE,0.8966666666666666,,,0.0,
DET,Brock Wright,TE,TE,0.39666666666666667,,,0.0,
DET,Sione Vaki,RB,RB,0.21666666666666667,,,0.0,
DET,Larry Borom,OL,OL,0.42,,,0.0,
DET,Skyler Gill-Howard,DL,DL,0.4166666666666667,,,0.0,
DET,Chuck Clark,S,DB,0.9533333333333333,,,0.0,
DET,Jack Campbell,LB,LB,1.0,,,0.0,
DET,Roger McCreary,CB,DB,0.7366666666666667,,,0.0,
DET,D.J. Reed,CB,DB,0.9666666666666667,,,0.0,
DET,Christian Izien,DB,DB,0.7633333333333333,,,0.0,
DET,Aidan Hutchinson,DE,DL,0.9166666666666666,,,0.0,
DET,Alim McNeill,DL,DL,0.8166666666666668,,,0.0,
DET,Tyleik Williams,DL,DL,0.5866666666666668,,,0.0,
DET,Derrick Barnes,LB,LB,0.8199999999999998,,,0.0,
DET,Trevor Nowaske,LB,LB,0.35000000000000003,,,0.0,
DET,D.J. Wonnum,DE,DL,0.5033333333333333,,,0.0,
DET,Tyler Lacy,DL,DL,0.4066666666666667,,,0.0,
DET,Ennis Rakestraw,CB,DB,0.2733333333333333,,,0.0,
DET,Malcolm Rodriguez,LB,LB,0.2866666666666667,,,0.0,
DET,Jalen Mills,DB,DB,0.41333333333333333,,,0.0,
DET,Rock Ya-Sin,CB,DB,0.3833333333333333,,,0.0,
TB,Cody Mauch,G,OL,1.0,,,0.0,
TB,Tristan Wirfs,T,OL,1.0,,,0.0,
TB,Luke Goedeke,T,OL,1.0,,,0.0,
TB,Ben Bredeson,G,OL,1.0,,,0.0,
TB,Jalon Daniels,QB,QB,0.53,,,0.0,
TB,Graham Barton,C,OL,1.0,,,0.0,
TB,Cade Otton,TE,TE,0.9266666666666667,,,0.0,
TB,Emeka Egbuka,WR,WR,0.8466666666666667,,,0.0,
TB,Chris Godwin,WR,WR,0.79,,,0.0,
TB,Bucky Irving,RB,RB,0.63,,,0.0,
TB,Tez Johnson,WR,WR,0.36000000000000004,,,0.0,
TB,Kenneth Gainwell,RB,RB,0.41333333333333333,,,0.0,
TB,Ted Hurst,WR,WR,0.63,,,0.0,
TB,Payne Durham,TE,TE,0.22999999999999998,,,0.0,
TB,Zyon McCollum,CB,DB,1.0,,,0.0,
TB,Alex Anzalone,LB,LB,1.0,,,0.0,
TB,Jacob Parrish,CB,DB,0.7633333333333333,,,0.0,
TB,Tykee Smith,S,DB,0.9766666666666666,,,0.0,
TB,Antoine Winfield Jr.,S,DB,0.9733333333333333,,Did Not Participate In Practice,0.0,
TB,Josiah Trotter,LB,LB,0.8566666666666666,,Full Participation in Practice,0.0,
TB,Vita Vea,NT,DL,0.7333333333333334,,,0.0,
TB,YaYa Diaby,LB,LB,0.64,,,0.0,
TB,Calijah Kancey,DL,DL,0.6299999999999999,,,0.0,
TB,Al-Quadin Muhammad,LB,LB,0.5333333333333333,,,0.0,
TB,A'Shawn Robinson,DL,DL,0.5066666666666667,,,0.0,
TB,Anthony Nelson,LB,LB,0.35000000000000003,,Limited Participation in Practice,0.0,
TB,Keionte Scott,DB,DB,0.5399999999999999,,,0.0,
TB,David Walker,LB,LB,0.2933333333333334,,,0.0,
TB,Rakeem Nunez-Roches,DL,DL,0.3099999999999999,,,0.0,
TB,Elijah Roberts,DL,DL,0.26666666666666666,,,0.0,
TB,Christian Rozeboom,LB,LB,0.21,,,0.0,
TB,SirVocea Dennis,LB,LB,0.24000000000000002,,Did Not Participate In Practice,0.0,
GB,Anthony Belton,T,OL,0.9833333333333334,,,0.0,
GB,Travis Glover,T,OL,0.3333333333333333,,,0.0,
GB,Jordan Morgan,T,OL,1.0,,,0.0,
GB,Sean Rhyan,C,OL,1.0,,,0.0,
GB,Laken Tomlinson,G,OL,1.0,,,0.0,
GB,Jordan Love,QB,QB,1.0,,,0.0,
GB,Tucker Kraft,TE,TE,0.8866666666666667,,,0.0,
GB,Matthew Golden,WR,WR,0.8533333333333334,,,0.0,
GB,Christian Watson,WR,WR,0.7933333333333334,,,0.0,
GB,MarShawn Lloyd,RB,RB,0.35000000000000003,,,0.0,
GB,Mark Redman,TE,TE,0.31,,,0.0,
GB,Skyy Moore,WR,WR,0.41999999999999993,,,0.0,
GB,Kaleb Johnson,RB,RB,0.30333333333333334,,,0.0,
GB,Jonnu Smith,TE,TE,0.25666666666666665,,,0.0,
GB,Bo Melton,WR,WR,0.21666666666666665,,,0.0,
GB,Chris Brooks,RB,RB,0.3466666666666666,,,0.0,
GB,Evan Williams,S,DB,1.0,,,0.0,
GB,Xavier McKinney,S,DB,1.0,,,0.0,
GB,Zaire Franklin,LB,LB,1.0,,,0.0,
GB,Keisean Nixon,CB,DB,0.9966666666666667,,,0.0,
GB,Javon Bullard,S,DB,0.7866666666666666,,,0.0,
GB,Brandon Cisse,CB,DB,0.9500000000000001,,,0.0,
GB,Lukas Van Ness,DE,DL,0.7166666666666667,,,0.0,
GB,Karl Brooks,DT,DL,0.6166666666666667,,,0.0,
GB,Edgerrin Cooper,LB,LB,0.7666666666666666,,,0.0,
GB,Barryn Sorrell,DE,DL,0.45,,,0.0,
GB,Javon Hargrave,DT,DL,0.46,,,0.0,
GB,Isaiah McDuffie,LB,LB,0.21666666666666667,,,0.0,
GB,Devonte Wyatt,DT,DL,0.48666666666666664,,,0.0,
GB,Dani Dennis-Sutton,DE,DL,0.4466666666666666,,,0.0,
GB,Brenton Cox,DE,DL,0.38000000000000006,,,0.0,
GB,Chris McClellan,DT,DL,0.4166666666666667,,,0.0,
GB,Jonathan Ford,DT,DL,0.34,,,0.0,
WAS,Chris Paul,G,OL,1.0,,,0.0,
WAS,Lucas Patrick,G,OL,0.6466666666666666,,,0.0,
WAS,Josh Conerly,T,OL,1.0,,,0.0,
WAS,Matt Gulbin,C,OL,0.37333333333333335,,,0.0,
WAS,Brandon Coleman,T,OL,0.9466666666666667,,,0.0,
WAS,Athan Kaliakmanis,QB,QB,0.84,,,0.0,
WAS,Antonio Williams,WR,WR,0.5299999999999999,,,0.0,
WAS,Stefon Diggs,WR,WR,0.5866666666666668,,,0.0,
WAS,Treylon Burks,WR,WR,0.4166666666666667,,,0.0,
WAS,Chig Okonkwo,TE,TE,0.5700000000000001,,,0.0,
WAS,Dyami Brown,WR,WR,0.47000000000000003,,,0.0,
WAS,Jacory Croskey-Merritt,RB,RB,0.4633333333333333,,,0.0,
WAS,John Bates,TE,TE,0.4233333333333333,,,0.0,
WAS,Ben Sinnott,TE,TE,0.5166666666666666,,,0.0,
WAS,Austin Ekeler,RB,RB,0.41999999999999993,,,0.0,
WAS,Marcus Mariota,QB,QB,0.5366666666666667,,,0.0,
WAS,Colson Yankoff,TE,TE,0.29,,,0.0,
WAS,Amik Robertson,CB,DB,0.9833333333333334,,,0.0,
WAS,Frankie Luvu,LB,LB,0.8266666666666665,,,0.0,
WAS,Quan Martin,S,DB,0.77,,,0.0,
WAS,Daron Payne,DT,DL,0.75,,,0.0,
WAS,Rasul Douglas,CB,DB,0.6533333333333333,,,0.0,
WAS,Jeremy Reaves,S,DB,0.8833333333333333,,,0.0,
WAS,Javon Kinlaw,DT,DL,0.6533333333333334,,,0.0,
WAS,Sonny Styles,LB,LB,0.9133333333333334,,,0.0,
WAS,K'Lavon Chaisson,LB,LB,0.6666666666666666,,,0.0,
WAS,Odafe Oweh,LB,LB,0.64,,,0.0,
WAS,Shy Tuttle,DT,DL,0.37666666666666665,,,0.0,
WAS,Tim Settle,DT,DL,0.37000000000000005,,,0.0,
WAS,Dorance Armstrong Jr.,LB,LB,0.44999999999999996,,,0.0,
WAS,Fabian Moreau,CB,DB,0.22999999999999998,,,0.0,
WAS,Kain Medrano,LB,LB,0.32666666666666666,,,0.0,
WAS,Joshua Josephs,LB,LB,0.20666666666666667,,,0.0,
WAS,Mike Sainristil,CB,DB,0.43,,,0.0,
WAS,Charles Omenihu,DE,DL,0.4366666666666667,,,0.0,
WAS,Nick Allegretti,C,OL,0.6666666666666666,,,0.0,
IND,Matt Goncalves,G,OL,1.0,,,0.0,
IND,Jalen Travis,T,OL,1.0,,,0.0,
IND,Daniel Jones,QB,QB,1.0,,,0.0,
IND,Tanor Bortolini,C,OL,1.0,,,0.0,
IND,Quenton Nelson,G,OL,0.9833333333333333,,,0.0,
IND,Bernhard Raimann,T,OL,0.9633333333333334,,,0.0,
IND,Laquon Treadwell,WR,WR,0.7933333333333333,,,0.0,
IND,Tyler Warren,TE,TE,0.8933333333333332,,,0.0,
IND,Josh Downs,WR,WR,0.7599999999999999,,,0.0,
IND,Jonathan Taylor,RB,RB,0.8333333333333334,,,0.0,
IND,Mo Alie-Cox,TE,TE,0.41,,,0.0,
IND,Ashton Dulin,WR,WR,0.3033333333333334,,,0.0,
IND,Andrew Ogletree,TE,TE,0.2933333333333333,,,0.0,
IND,Camryn Bynum,S,DB,1.0,,,0.0,
IND,Sauce Gardner,CB,DB,0.9533333333333333,,,0.0,
IND,Charvarius Ward,CB,DB,0.8033333333333333,,,0.0,
IND,Akeem Davis-Gaither,LB,LB,0.9700000000000001,,,0.0,
IND,A.J. Haulcy,S,DB,0.66,,,0.0,
IND,DeForest Buckner,DT,DL,0.8300000000000001,,,0.0,
IND,Justin Walley,CB,DB,0.7366666666666667,,,0.0,
IND,Laiatu Latu,DE,DL,0.6733333333333333,,,0.0,
IND,JT Tuimoloau,DE,DL,0.4566666666666666,,,0.0,
IND,Grover Stewart,DT,DL,0.5933333333333334,,,0.0,
IND,Jaylon Carlies,LB,LB,0.5933333333333334,,,0.0,
IND,Adetomiwa Adebawore,DT,DL,0.3433333333333333,,,0.0,
IND,Arden Key,DE,DL,0.6266666666666667,,,0.0,
IND,Jerry Tillery,DT,DL,0.4066666666666667,,,0.0,
IND,Bryce Boettcher,LB,LB,0.2866666666666667,,,0.0,
IND,Hunter Wohler,S,DB,0.31333333333333335,,,0.0,
CIN,Ted Karras,C,OL,1.0,,,0.0,
CIN,Amarius Mims,T,OL,0.9833333333333333,,,0.0,
CIN,Orlando Brown Jr.,T,OL,1.0,,,0.0,
CIN,Dylan Fairchild,G,OL,1.0,,,0.0,
CIN,Joe Burrow,QB,QB,1.0,,,0.0,
CIN,Dalton Risner,G,OL,1.0,,,0.0,
CIN,Dohnte Meyers,WR,WR,0.5433333333333333,,,0.0,
CIN,Tee Higgins,WR,WR,0.8133333333333334,,,0.0,
CIN,Mike Gesicki,TE,TE,0.49333333333333335,,,0.0,
CIN,Mitchell Tinsley,WR,WR,0.31333333333333335,,,0.0,
CIN,Tanner Hudson,TE,TE,0.24333333333333337,,,0.0,
CIN,Drew Sample,TE,TE,0.4566666666666666,,,0.0,
CIN,Ja'Marr Chase,WR,WR,0.6933333333333332,,,0.0,
CIN,Erick All,TE,TE,0.2633333333333333,,,0.0,
CIN,Barrett Carter,LB,LB,1.0,,,0.0,
CIN,Daxton Hill,CB,DB,0.9966666666666667,,,0.0,
CIN,Jordan Battle,S,DB,1.0,,,0.0,
CIN,DJ Turner,CB,DB,1.0,,,0.0,
CIN,Boye Mafe,DE,DL,0.7633333333333333,,,0.0,
CIN,Dexter Lawrence,DT,DL,0.7333333333333334,,,0.0,
CIN,Demetrius Knight,LB,LB,0.8466666666666667,,,0.0,
CIN,Jonathan Allen,DT,DL,0.7033333333333333,,,0.0,
CIN,DJ Ivey,CB,DB,0.2733333333333334,,,0.0,
CIN,Myles Murphy,DE,DL,0.6533333333333334,,,0.0,
CIN,PJ Jules,S,DB,0.22,,,0.0,
CIN,Russ Yeast,S,DB,0.34,,,0.0,
CIN,Kris Jenkins,DT,DL,0.3233333333333334,,,0.0,
CIN,Tedarrell Slaton,DT,DL,0.3333333333333333,,,0.0,
CIN,Cashius Howell,DE,DL,0.39666666666666667,,,0.0,
CIN,Cedric Johnson,DE,DL,0.23666666666666666,,,0.0,
CIN,Tacario Davis,CB,DB,0.26333333333333336,,,0.0,
CIN,Shemar Stewart,DE,DL,0.25333333333333335,,,0.0,
CIN,Josh Newton,CB,DB,0.25333333333333335,,,0.0,
JAX,Emmanuel Pregnon,OL,OL,1.0,,,0.0,
JAX,Anton Harrison,OL,OL,1.0,,,0.0,
JAX,Ezra Cleveland,OL,OL,0.9733333333333333,,,0.0,
JAX,Trevor Lawrence,QB,QB,0.9833333333333333,,,0.0,
JAX,Robert Hainsey,OL,OL,0.9833333333333334,,,0.0,
JAX,Cole Van Lanen,OL,OL,0.9833333333333334,,,0.0,
JAX,Brenton Strange,TE,TE,0.8233333333333333,,,0.0,
JAX,Jakobi Meyers,WR,WR,0.8433333333333333,,,0.0,
JAX,Parker Washington,WR,WR,0.8066666666666668,,,0.0,
JAX,Brian Thomas,WR,WR,0.51,,,0.0,
JAX,Bhayshul Tuten,RB,RB,0.5266666666666667,,,0.0,
JAX,Josh Cameron,WR,WR,0.3,,,0.0,
JAX,Nate Boerkircher,TE,TE,0.39333333333333337,,,0.0,
JAX,Chris Rodriguez,RB,RB,0.22666666666666666,,,0.0,
JAX,Antonio Johnson,S,DB,0.9533333333333333,,,0.0,
JAX,Jarrian Jones,CB,DB,0.7866666666666666,,,0.0,
JAX,Foyesade Oluokun,LB,LB,0.9299999999999998,,,0.0,
JAX,Travis Hunter,WR,WR,0.77,,,0.0,
JAX,Jourdan Lewis,CB,DB,0.69,,,0.0,
JAX,Travon Walker,DE,DL,0.7833333333333333,,,0.0,
JAX,Josh Hines-Allen,DE,DL,0.7633333333333333,,,0.0,
JAX,Arik Armstead,DT,DL,0.6666666666666666,,,0.0,
JAX,Ventrell Miller,LB,LB,0.7200000000000001,,,0.0,
JAX,Eric Murray,S,DB,0.7999999999999999,,,0.0,
JAX,Rayuan Lane,S,DB,0.23666666666666666,,,0.0,
JAX,DaVon Hamilton,DT,DL,0.48000000000000015,,,0.0,
JAX,Ruke Orhorhoro,DT,DL,0.41333333333333333,,,0.0,
JAX,Dennis Gardeck,LB,LB,0.33666666666666667,,,0.0,
JAX,Bryan Thomas Jr.,DE,DL,0.22666666666666666,,,0.0,
JAX,Matt Dickerson,DT,DL,0.30000000000000004,,,0.0,
JAX,Danny Striggow,DE,DL,0.20333333333333334,,,0.0,
LV,Spencer Burford,G,OL,1.0,,,0.0,
LV,Delmar Glaze,T,OL,1.0,,,0.0,
LV,Caleb Rogers,G,OL,0.3566666666666667,,,0.0,
LV,Kolton Miller,T,OL,1.0,,,0.0,
LV,Tyler Linderbaum,C,OL,1.0,,,0.0,
LV,Kirk Cousins,QB,QB,1.0,,,0.0,
LV,Michael Mayer,TE,TE,0.8633333333333333,,,0.0,
LV,Brock Bowers,TE,TE,0.8633333333333333,,,0.0,
LV,Ashton Jeanty,RB,RB,0.7733333333333333,,,0.0,
LV,Tre Tucker,WR,WR,0.61,,,0.0,
LV,Cody White,WR,WR,0.3133333333333333,,,0.0,
LV,Ian Thomas,TE,TE,0.3333333333333333,,,0.0,
LV,Connor Heyward,FB,RB,0.26666666666666666,,,0.0,
LV,Jalen Nailor,WR,WR,0.4666666666666666,,,0.0,
LV,Jeremy Chinn,S,DB,1.0,,,0.0,
LV,Quay Walker,LB,LB,1.0,,,0.0,
LV,Treydan Stukes,S,DB,0.82,,,0.0,
LV,Eric Stokes,CB,DB,1.0,,,0.0,
LV,Nakobe Dean,LB,LB,0.98,,,0.0,
LV,Hezekiah Masses,CB,DB,0.9033333333333333,,,0.0,
LV,Maxx Crosby,DE,DL,0.8833333333333334,,,0.0,
LV,Taron Johnson,CB,DB,0.8166666666666668,,,0.0,
LV,Tonka Hemingway,DT,DL,0.64,,,0.0,
LV,Kwity Paye,DE,DL,0.5733333333333334,,,0.0,
LV,Folorunso Fatukasi,DT,DL,0.44333333333333336,,,0.0,
LV,Adam Butler,DT,DL,0.42333333333333334,,,0.0,
LV,Malcolm Koonce,DE,DL,0.4333333333333333,,,0.0,
LV,Thomas Booker,DT,DL,0.3233333333333334,,,0.0,
LV,Tommy Eichenberg,LB,LB,0.20333333333333334,,,0.0,
LV,JJ Pegues,DT,DL,0.2866666666666667,,,0.0,
LV,Darien Porter,CB,DB,0.29,,,0.0,
LV,Isaiah Pola-Mao,S,DB,0.5199999999999999,,,0.0,
KC,Kahlil Benson,T,OL,1.0,,,0.0,
KC,Creed Humphrey,C,OL,1.0,,,0.0,
KC,Mike Caliendo,OL,OL,0.35666666666666674,,,0.0,
KC,Trey Smith,G,OL,1.0,,,0.0,
KC,Jaylon Moore,OL,OL,0.9899999999999999,,,0.0,
KC,Patrick Mahomes,QB,QB,1.0,,,0.0,
KC,Travis Kelce,TE,TE,0.8233333333333333,,,0.0,
KC,Xavier Worthy,WR,WR,0.8133333333333334,,,0.0,
KC,Kenneth Walker III,RB,RB,0.7666666666666666,,,0.0,
KC,Noah Gray,TE,TE,0.6033333333333332,,,0.0,
KC,Jalen Royals,WR,WR,0.3233333333333333,,,0.0,
KC,Tyquan Thornton,WR,WR,0.5599999999999999,,,0.0,
KC,Emmett Johnson,RB,RB,0.24,,,0.0,
KC,Rashee Rice,WR,WR,0.5533333333333333,,,0.0,
KC,Khyiris Tonga,NT,DL,0.44333333333333336,,,0.0,
KC,Nick Bolton,LB,LB,1.0,,,0.0,
KC,Mansoor Delane,CB,DB,0.66,,,0.0,
KC,Alohi Gilman,S,DB,0.9666666666666667,,,0.0,
KC,George Karlaftis III,DE,DL,0.8533333333333334,,,0.0,
KC,Nohl Williams,DB,DB,0.92,,,0.0,
KC,Chris Jones,DT,DL,0.7400000000000001,,,0.0,
KC,L'Jarius Sneed,CB,DB,0.7433333333333333,,,0.0,
KC,Chamarri Conner,DB,DB,0.9166666666666666,,,0.0,
KC,Drue Tranquill,LB,LB,0.8233333333333334,,,0.0,
KC,R Mason Thomas,DE,DL,0.5266666666666667,,,0.0,
KC,Felix Anudike-Uzomah,DE,DL,0.45999999999999996,,,0.0,
KC,Ashton Gillotte,DE,DL,0.4466666666666666,,,0.0,
KC,Jaden Hicks,DB,DB,0.7833333333333332,,,0.0,
KC,Peter Woods,DL,DL,0.44333333333333336,,,0.0,
KC,Jack Cochrane,LB,LB,0.2866666666666667,,,0.0,
KC,Kristian Fulton,CB,DB,0.6366666666666666,,,0.0,
SEA,Grey Zabel,G,OL,1.0,,,0.0,
SEA,Charles Cross,T,OL,1.0,,,0.0,
SEA,Jalen Sundell,C,OL,1.0,,,0.0,
SEA,Abraham Lucas,T,OL,1.0,,,0.0,
SEA,Sam Darnold,QB,QB,0.6999999999999998,,,0.0,
SEA,AJ Barner,TE,TE,0.87,,,0.0,
SEA,Jaxon Smith-Njigba,WR,WR,0.8066666666666666,,,0.0,
SEA,Rashid Shaheed,WR,WR,0.54,,,0.0,
SEA,Emanuel Wilson,RB,RB,0.4566666666666667,,,0.0,
SEA,Christian Haynes,G,OL,0.5966666666666667,,,0.0,
SEA,Cooper Kupp,WR,WR,0.5566666666666666,,,0.0,
SEA,Beau Stephens,G,OL,0.4033333333333333,,,0.0,
SEA,George Holani,RB,RB,0.33,,,0.0,
SEA,Elijah Arroyo,TE,TE,0.26666666666666666,,,0.0,
SEA,Eric Saubert,TE,TE,0.27,,,0.0,
SEA,Brady Russell,FB,RB,0.28,,,0.0,
SEA,Tory Horton,WR,WR,0.2333333333333333,,,0.0,
SEA,Julian Love,S,DB,0.9866666666666667,,,0.0,
SEA,Ernest Jones,LB,LB,0.9866666666666667,,,0.0,
SEA,Devon Witherspoon,CB,DB,0.9866666666666667,,,0.0,
SEA,Josh Jobe,CB,DB,0.9866666666666667,,,0.0,
SEA,Rodney Thomas II,S,DB,0.9966666666666666,,,0.0,
SEA,Drake Thomas,LB,LB,0.8533333333333334,,,0.0,
SEA,Nick Emmanwori,S,DB,0.4966666666666666,,,0.0,
SEA,Byron Murphy,DE,DL,0.65,,,0.0,
SEA,DeMarcus Lawrence,LB,LB,0.6133333333333333,,,0.0,
SEA,Derick Hall,LB,LB,0.5599999999999999,,,0.0,
SEA,Leonard Williams,DT,DL,0.6966666666666667,,,0.0,
SEA,Uchenna Nwosu,LB,LB,0.5033333333333333,,,0.0,
SEA,Jarran Reed,DE,DL,0.48,,,0.0,
SEA,Dante Fowler,LB,LB,0.23,,,0.0,
SEA,Nehemiah Pritchett,CB,DB,0.52,,,0.0,
SEA,Rylie Mills,DT,DL,0.26666666666666666,,,0.0,
SEA,AJ Finley,S,DB,0.3466666666666667,,,0.0,
LAC,Cole Strange,G,OL,0.9466666666666667,,,0.0,
LAC,Jake Slaughter,OL,OL,1.0,,,0.0,
LAC,Justin Herbert,QB,QB,1.0,,,0.0,
LAC,Tre Harris,WR,WR,0.7766666666666667,,,0.0,
LAC,Rashawn Slater,T,OL,0.9499999999999998,,,0.0,
LAC,Quentin Johnston,WR,WR,0.81,,,0.0,
LAC,Travis Burke,T,OL,0.2733333333333333,,,0.0,
LAC,Trevor Penning,OL,OL,0.68,,,0.0,
LAC,Oronde Gadsden II,TE,TE,0.5199999999999999,,,0.0,
LAC,Hayden Rucci,TE,TE,0.44999999999999996,,,0.0,
LAC,Joe Alt,T,OL,0.79,,,0.0,
LAC,Keaton Mitchell,RB,RB,0.3333333333333333,,,0.0,
LAC,Marquez Valdes-Scantling,WR,WR,0.205,,,0.0,
LAC,Kimani Vidal,RB,RB,0.2333333333333333,,,0.0,
LAC,Alec Ingold,FB,RB,0.4033333333333333,,,0.0,
LAC,Omarion Hampton,RB,RB,0.46666666666666673,,,0.0,
LAC,Ladd McConkey,WR,WR,0.5599999999999999,,,0.0,
LAC,Cam Hart,CB,DB,0.8700000000000001,,,0.0,
LAC,Tarheeb Still,CB,DB,0.9066666666666666,,,0.0,
LAC,Daiyan Henley,LB,LB,0.8733333333333334,,,0.0,
LAC,Del'Shawn Phillips,LB,LB,0.6566666666666666,,,0.0,
LAC,Tuli Tuipulotu,LB,LB,0.7999999999999999,,,0.0,
LAC,Tony Jefferson,S,DB,0.6833333333333332,,,0.0,
LAC,Justin Eboigbe,DL,DL,0.63,,,0.0,
LAC,Jamaree Caldwell,DL,DL,0.6133333333333333,,,0.0,
LAC,Khalil Mack,LB,LB,0.6933333333333334,,,0.0,
LAC,Genesis Smith,S,DB,0.62,,,0.0,
LAC,Teair Tart,DL,DL,0.58,,,0.0,
LAC,Elijah Molden,DB,DB,0.6466666666666666,,,0.0,
LAC,Akheem Mesidor,LB,LB,0.48333333333333334,,,0.0,
LAC,R.J. Mickens,S,DB,0.41,,,0.0,
LAC,Nick Barrett,DL,DL,0.25333333333333335,,,0.0,
LAC,Bud Dupree,LB,LB,0.25333333333333335,,,0.0,
LAC,Donte Jackson,CB,DB,0.32666666666666666,,,0.0,
LAC,Troy Dye,LB,LB,0.21,,,0.0,
PHI,Markel Bell,T,OL,0.34,,,0.0,
PHI,Drew Kendall,C,OL,1.0,,,0.0,
PHI,Tyler Steen,G,OL,1.0,,,0.0,
PHI,Jordan Mailata,T,OL,1.0,,,0.0,
PHI,Jalen Hurts,QB,QB,0.9733333333333332,,,0.0,
PHI,Cam Jurgens,C,OL,1.0,,,0.0,
PHI,Dontayvion Wicks,WR,WR,0.8066666666666666,,,0.0,
PHI,Darius Cooper,WR,WR,0.47,,,0.0,
PHI,Johnny Mundt,TE,TE,0.6533333333333334,,,0.0,
PHI,Makai Lemon,WR,WR,0.6900000000000001,,,0.0,
PHI,Will Shipley,RB,RB,0.4166666666666667,,,0.0,
PHI,Tank Bigsby,RB,RB,0.2866666666666667,,,0.0,
PHI,Zach Ertz,TE,TE,0.49,,,0.0,
PHI,E.J. Jenkins,TE,TE,0.26333333333333336,,,0.0,
PHI,Saquon Barkley,RB,RB,0.31666666666666665,,,0.0,
PHI,Jeremiah Trotter Jr.,LB,LB,0.36000000000000004,,,0.0,
PHI,Riq Woolen,CB,DB,0.9833333333333334,,,0.0,
PHI,Andrew Mukuba,S,DB,0.9933333333333333,,,0.0,
PHI,Cooper DeJean,DB,DB,0.9866666666666667,,,0.0,
PHI,Jihaad Campbell,LB,LB,0.9333333333333332,,,0.0,
PHI,Michael Carter II,DB,DB,0.42,,,0.0,
PHI,Jalen Carter,DT,DL,0.7699999999999999,,,0.0,
PHI,Nolan Smith,LB,LB,0.7133333333333334,,,0.0,
PHI,Jalyx Hunt,LB,LB,0.7600000000000001,,,0.0,
PHI,Moro Ojomo,DT,DL,0.6866666666666666,,,0.0,
PHI,Jonathan Jones,CB,DB,0.20333333333333334,,,0.0,
PHI,Quinyon Mitchell,CB,DB,0.8099999999999999,,,0.0,
PHI,Jordan Davis,DT,DL,0.4533333333333333,,,0.0,
PHI,Arnold Ebiketie,LB,LB,0.31,,,0.0,
PHI,Jonathan Greenard,LB,LB,0.24,,,0.0,
PHI,Byron Young,DT,DL,0.2633333333333333,,,0.0,
LA,Alaric Jackson,OL,OL,1.0,,,0.0,
LA,Steve Avila,OL,OL,1.0,,,0.0,
LA,Warren McClendon,OL,OL,1.0,,,0.0,
LA,Kevin Dotson,OL,OL,0.9966666666666667,,,0.0,
LA,Coleman Shelton,OL,OL,1.0,,,0.0,
LA,Matthew Stafford,QB,QB,1.0,,,0.0,
LA,Davante Adams,WR,WR,0.8099999999999999,,,0.0,
LA,Puka Nacua,WR,WR,0.7633333333333333,,,0.0,
LA,Kyren Williams,RB,RB,0.6966666666666667,,,0.0,
LA,Tyler Higbee,TE,TE,0.54,,,0.0,
LA,Jordan Whittington,WR,WR,0.3833333333333333,,,0.0,
LA,Davis Allen,TE,TE,0.4533333333333333,,,0.0,
LA,Konata Mumpfield,WR,WR,0.5633333333333334,,,0.0,
LA,Blake Corum,RB,RB,0.29666666666666663,,,0.0,
LA,Josh Wallace,CB,DB,0.8300000000000001,,,0.0,
LA,Quentin Lake,S,DB,1.0,,,0.0,
LA,Trent McDuffie,CB,DB,0.9966666666666667,,,0.0,
LA,Kamren Curl,S,DB,0.9966666666666666,,,0.0,
LA,Nathan Landman,LB,LB,0.8833333333333334,,,0.0,
LA,Byron Young,LB,LB,0.8266666666666667,,,0.0,
LA,Kobie Turner,DE,DL,0.6633333333333332,,,0.0,
LA,Braden Fiske,DE,DL,0.5866666666666667,,,0.0,
LA,Kamren Kinchens,S,DB,0.7899999999999999,,,0.0,
LA,Josaiah Stewart,LB,LB,0.6966666666666667,,,0.0,
LA,Wesley Bailey,LB,LB,0.3333333333333333,,,0.0,
LA,Poona Ford,NT,DL,0.3499999999999999,,,0.0,
LA,Tyler Davis,DE,DL,0.35333333333333333,,,0.0,
LA,Emmanuel Forbes,CB,DB,0.3466666666666667,,,0.0,
LA,Omar Speights,LB,LB,0.44333333333333336,,,0.0,
LA,Jaylen McCollough,S,DB,0.3133333333333333,,,0.0,
MIN,Blake Brandel,C,OL,1.0,,,0.0,
MIN,Will Fries,G,OL,1.0,,,0.0,
MIN,Kyler Murray,QB,QB,0.7233333333333333,,,0.0,
MIN,Brian O'Neill,T,OL,1.0,,,0.0,
MIN,Jordan Addison,WR,WR,0.94,,,0.0,
MIN,Jauan Jennings,WR,WR,0.7433333333333333,,,0.0,
MIN,Joe Huber,G,OL,0.30333333333333334,,,0.0,
MIN,T.J. Hockenson,TE,TE,0.7899999999999999,,,0.0,
MIN,Aaron Jones,RB,RB,0.7800000000000001,,,0.0,
MIN,Tai Felton,WR,WR,0.37666666666666665,,,0.0,
MIN,Christian Darrisaw,T,OL,0.8466666666666666,,,0.0,
MIN,Max Bredeson,FB,RB,0.22666666666666668,,,0.0,
MIN,Myles Price,WR,WR,0.2333333333333333,,,0.0,
MIN,Donovan Jackson,G,OL,0.6966666666666667,,,0.0,
MIN,Josh Metellus,S,DB,1.0,,,0.0,
MIN,Blake Cashman,LB,LB,0.9433333333333334,,,0.0,
MIN,Eric Wilson,LB,LB,0.9233333333333333,,,0.0,
MIN,Isaiah Rodgers,CB,DB,0.9266666666666666,,,0.0,
MIN,Dallas Turner,LB,LB,0.8533333333333335,,,0.0,
MIN,Byron Murphy,CB,DB,0.94,,,0.0,
MIN,Andrew Van Ginkel,LB,LB,0.8300000000000001,,,0.0,
MIN,Jalen Redmond,DL,DL,0.8133333333333334,,,0.0,
MIN,Harrison Smith,S,DB,0.49333333333333346,,,0.0,
MIN,Kyle Van Noy,LB,LB,0.3433333333333333,,,0.0,
MIN,Levi Drake Rodriguez,DL,DL,0.5766666666666668,,,0.0,
MIN,Tyrion Ingram-Dawkins,DL,DL,0.4533333333333333,,,0.0,
MIN,Theo Jackson,S,DB,0.6166666666666666,,,0.0,
MIN,Domonique Orange,DL,DL,0.29,,,0.0,
MIN,James Pierre,CB,DB,0.35666666666666663,,,0.0,
MIN,Caleb Banks,DL,DL,0.31333333333333335,,,0.0,
MIA,Jonah Savaiinaea,G,OL,1.0,,,0.0,
MIA,Kadyn Proctor,G,OL,1.0,,,0.0,
MIA,Patrick Paul,T,OL,1.0,,,0.0,
MIA,Austin Jackson,T,OL,1.0,,,0.0,
MIA,Aaron Brewer,C,OL,1.0,,,0.0,
MIA,Malik Willis,QB,QB,1.0,,,0.0,
MIA,Malik Washington,WR,WR,0.82,,,0.0,
MIA,Chris Bell,WR,WR,0.6466666666666666,,,0.0,
MIA,Will Kacmarek,TE,TE,0.5,,,0.0,
MIA,Ollie Gordon,RB,RB,0.5299999999999999,,,0.0,
MIA,DJ Herman,FB,RB,0.38999999999999996,,,0.0,
MIA,Kevin Coleman,WR,WR,0.5299999999999999,,,0.0,
MIA,Greg Dulcich,TE,TE,0.6066666666666667,,,0.0,
MIA,Michael Taaffe,S,DB,0.9500000000000001,,,0.0,
MIA,Jordyn Brooks,LB,LB,0.9499999999999998,,,0.0,
MIA,Jacob Rodriguez,LB,LB,0.9733333333333333,,,0.0,
MIA,Chris Johnson,CB,DB,0.9366666666666666,,,0.0,
MIA,Julius Brents,CB,DB,0.73,,,0.0,
MIA,Zach Sieler,DL,DL,0.7599999999999999,,,0.0,
MIA,Jason Marshall,CB,DB,0.7933333333333333,,,0.0,
MIA,Joshua Uche,DE,DL,0.6733333333333333,,,0.0,
MIA,Dante Trader,S,DB,0.8133333333333334,,,0.0,
MIA,Chop Robinson,DE,DL,0.6566666666666667,,,0.0,
MIA,Zeek Biggers,DL,DL,0.59,,,0.0,
MIA,Jordan Phillips,DL,DL,0.62,,,0.0,
MIA,Zayne Anderson,S,DB,0.20666666666666667,,,0.0,
MIA,Malik Herring,DE,DL,0.38999999999999996,,,0.0,
MIA,Willie Gay Jr.,LB,LB,0.47,,,0.0,
BUF,Alec Anderson,C,OL,1.0,,,0.0,
BUF,O'Cyrus Torrence,G,OL,1.0,,,0.0,
BUF,Dion Dawkins,T,OL,1.0,,,0.0,
BUF,Spencer Brown,T,OL,1.0,,,0.0,
BUF,Josh Allen,QB,QB,1.0,,,0.0,
BUF,Connor McGovern,C,OL,1.0,,,0.0,
BUF,Keon Coleman,WR,WR,0.6666666666666666,,,0.0,
BUF,Khalil Shakir,WR,WR,0.66,,,0.0,
BUF,Dawson Knox,TE,TE,0.6900000000000001,,,0.0,
BUF,Josh Palmer,WR,WR,0.4299999999999999,,,0.0,
BUF,James Cook,RB,RB,0.6666666666666666,,,0.0,
BUF,Dalton Kincaid,TE,TE,0.6400000000000001,,,0.0,
BUF,D.J. Moore,WR,WR,0.4466666666666666,,,0.0,
BUF,Ty Johnson,RB,RB,0.2933333333333334,,,0.0,
BUF,Jackson Hawes,TE,TE,0.37333333333333324,,,0.0,
BUF,Davison Igbinosun,CB,DB,0.56,,,0.0,
BUF,Cole Bishop,S,DB,1.0,,,0.0,
BUF,C.J. Gardner-Johnson,S,DB,0.9966666666666667,,,0.0,
BUF,Maxwell Hairston,CB,DB,0.8433333333333334,,,0.0,
BUF,Terrel Bernard,LB,LB,0.9500000000000001,,,0.0,
BUF,Bradley Chubb,LB,LB,0.7633333333333333,,,0.0,
BUF,Gregory Rousseau,LB,LB,0.7633333333333333,,,0.0,
BUF,Deone Walker,DL,DL,0.7200000000000001,,,0.0,
BUF,Dorian Williams,LB,LB,0.6666666666666666,,,0.0,
BUF,DeWayne Carter,DL,DL,0.5166666666666667,,,0.0,
BUF,Greg Gaines,DL,DL,0.34,,,0.0,
BUF,Landon Jackson,DL,DL,0.39666666666666667,,,0.0,
BUF,Damar Hamlin,S,DB,0.26000000000000006,,,0.0,
BUF,Dee Alford,CB,DB,0.42000000000000004,,,0.0,
BUF,Ed Oliver,DL,DL,0.5166666666666667,,,0.0,
BUF,T.J. Parker,LB,LB,0.21666666666666667,,,0.0,
BUF,Michael Hoecht,LB,LB,0.3233333333333333,,,0.0,
NE,Ben Brown,C,OL,0.39666666666666667,,,0.0,
NE,Alijah Vera-Tucker,G,OL,1.0,,,0.0,
NE,Will Campbell,T,OL,1.0,,,0.0,
NE,Jared Wilson,OL,OL,0.9366666666666666,,,0.0,
NE,Drake Maye,QB,QB,0.9366666666666666,,,0.0,
NE,Morgan Moses,T,OL,0.87,,,0.0,
NE,Rhamondre Stevenson,RB,RB,0.5133333333333333,,,0.0,
NE,Romeo Doubs,WR,WR,0.68,,,0.0,
NE,Hunter Henry,TE,TE,0.75,,,0.0,
NE,Eli Raridon,TE,TE,0.44,,,0.0,
NE,DeMario Douglas,WR,WR,0.5066666666666667,,,0.0,
NE,Efton Chism III,WR,WR,0.29333333333333333,,,0.0,
NE,Mack Hollins,WR,WR,0.6266666666666666,,,0.0,
NE,TreVeyon Henderson,RB,RB,0.44666666666666677,,,0.0,
NE,Caleb Lomu,T,OL,0.24666666666666667,,,0.0,
NE,Kyle Williams,WR,WR,0.26666666666666666,,,0.0,
NE,Reggie Gilliam,FB,RB,0.23666666666666666,,,0.0,
NE,Marcus Jones,CB,DB,0.8566666666666666,,,0.0,
NE,Christian Elliss,LB,LB,0.9733333333333333,,,0.0,
NE,Robert Spillane,LB,LB,0.9833333333333334,,,0.0,
NE,Craig Woodson,S,DB,0.8866666666666667,,,0.0,
NE,Kevin Byard,S,DB,0.9833333333333334,,,0.0,
NE,Carlton Davis,CB,DB,0.9500000000000001,,,0.0,
NE,Milton Williams,DT,DL,0.6900000000000001,,,0.0,
NE,Dre'Mont Jones,LB,LB,0.6166666666666667,,,0.0,
NE,Elijah Ponder,LB,LB,0.7600000000000001,,,0.0,
NE,Charles Woods,CB,DB,0.5466666666666666,,,0.0,
NE,Cory Durden,DT,DL,0.5299999999999999,,,0.0,
NE,Gabe Jacas,LB,LB,0.6366666666666667,,,0.0,
NE,Leonard Taylor,DL,DL,0.31000000000000005,,,0.0,
NE,DaQuan Jones,DT,DL,0.2733333333333334,,,0.0,
NE,Joshua Farmer,DT,DL,0.3333333333333333,,,0.0,
NE,Jaylen Reed,S,DB,0.41333333333333333,,,0.0,
NE,Walter Rouse,OL,OL,0.325,,,0.0,
CHI,Theo Benedet,OL,OL,0.6000000000000001,,,0.0,
CHI,Darnell Wright,OL,OL,1.0,,,0.0,
CHI,Joe Thuney,OL,OL,1.0,,,0.0,
CHI,Jonah Jackson,OL,OL,1.0,,,0.0,
CHI,Garrett Bradbury,OL,OL,1.0,,,0.0,
CHI,Tyson Bagent,QB,QB,0.38999999999999996,,,0.0,
CHI,Colston Loveland,TE,TE,0.8566666666666668,,,0.0,
CHI,Rome Odunze,WR,WR,0.86,,,0.0,
CHI,Cole Kmet,TE,TE,0.6733333333333332,,,0.0,
CHI,Luther Burden,WR,WR,0.5800000000000001,,,0.0,
CHI,Kyle Monangai,RB,RB,0.3966666666666667,,,0.0,
CHI,Kalif Raymond,WR,WR,0.6266666666666667,,,0.0,
CHI,D'Andre Swift,RB,RB,0.5733333333333334,,,0.0,
CHI,Sam Roush,TE,TE,0.24666666666666667,,,0.0,
CHI,Case Keenum,QB,QB,0.505,,,0.0,
CHI,Dillon Thieneman,DB,DB,1.0,,,0.0,
CHI,T.J. Edwards,LB,LB,1.0,,,0.0,
CHI,Jaylon Johnson,DB,DB,1.0,,,0.0,
CHI,Tyrique Stevenson,DB,DB,0.65,,,0.0,
CHI,Xavier Woods,DB,DB,0.6566666666666666,,,0.0,
CHI,Devin Bush Jr.,LB,LB,0.9500000000000001,,,0.0,
CHI,Malik Muhammad,DB,DB,0.8333333333333334,,,0.0,
CHI,Montez Sweat,DL,DL,0.7133333333333334,,,0.0,
CHI,Grady Jarrett,DL,DL,0.7333333333333334,,,0.0,
CHI,Austin Booker,DL,DL,0.5299999999999999,,,0.0,
CHI,Dayo Odeyingbo,DL,DL,0.61,,,0.0,
CHI,Kentavius Street,DL,DL,0.4566666666666667,,,0.0,
CHI,Marcus Davenport,DL,DL,0.38,,,0.0,
CHI,Neville Gallimore,DL,DL,0.3166666666666667,,,0.0,
CHI,D'Marco Jackson,LB,LB,0.3333333333333333,,,0.0,
NYJ,Josh Myers,C,OL,1.0,,,0.0,
NYJ,Joe Tippmann,C,OL,1.0,,,0.0,
NYJ,Olu Fashanu,OL,OL,1.0,,,0.0,
NYJ,Jordan Meredith,OL,OL,0.71,,,0.0,
NYJ,Garrett Wilson,WR,WR,0.94,,,0.0,
NYJ,Geno Smith,QB,QB,1.0,,,0.0,
NYJ,Armand Membou,T,OL,0.9899999999999999,,,0.0,
NYJ,Isaiah Williams,WR,WR,0.8833333333333333,,,0.0,
NYJ,Braelon Allen,RB,RB,0.59,,,0.0,
NYJ,Kenyon Sadiq,TE,TE,0.5433333333333333,,,0.0,
NYJ,Sterling Shepard,WR,WR,0.49,,,0.0,
NYJ,Jeremy Ruckert,TE,TE,0.4000000000000001,,,0.0,
NYJ,Jelani Woods,TE,TE,0.3466666666666667,,,0.0,
NYJ,Minkah Fitzpatrick,S,DB,0.56,,,0.0,
NYJ,Dane Belton,S,DB,1.0,,,0.0,
NYJ,Azareye'h Thomas,CB,DB,1.0,,,0.0,
NYJ,Demario Davis,LB,LB,1.0,,,0.0,
NYJ,Brandon Stephens,CB,DB,0.9833333333333334,,,0.0,
NYJ,Jamien Sherwood,LB,LB,0.96,,,0.0,
NYJ,David Bailey,DE,DL,0.73,,,0.0,
NYJ,Will McDonald,DE,DL,0.48999999999999994,,,0.0,
NYJ,Joseph Ossai,DE,DL,0.52,,,0.0,
NYJ,Jowon Briggs,DL,DL,0.6266666666666666,,,0.0,
NYJ,Harrison Phillips,DL,DL,0.5933333333333334,,,0.0,
NYJ,T'Vondre Sweat,DL,DL,0.54,,,0.0,
NYJ,Darrell Jackson Jr.,DL,DL,0.33666666666666667,,,0.0,
NYJ,Jarvis Brownlee,DB,DB,0.54,,,0.0,
NYJ,Andre Cisco,S,DB,0.6766666666666666,,,0.0,
CLE,Austin Barber,T,OL,1.0,,,0.0,
CLE,Tytus Howard,T,OL,0.9899999999999999,,,0.0,
CLE,Spencer Fano,T,OL,1.0,,,0.0,
CLE,Zion Johnson,G,OL,1.0,,,0.0,
CLE,Luke Wypler,C,OL,0.3333333333333333,,,0.0,
CLE,Deshaun Watson,QB,QB,0.9966666666666667,,,0.0,
CLE,Denzel Boston,WR,WR,0.9233333333333333,,,0.0,
CLE,KC Concepcion,WR,WR,0.8133333333333334,,,0.0,
CLE,Harold Fannin,TE,TE,0.87,,,0.0,
CLE,Quinshon Judkins,RB,RB,0.6133333333333334,,,0.0,
CLE,Jerry Jeudy,WR,WR,0.49333333333333335,,,0.0,
CLE,Blake Whiteheart,TE,TE,0.39999999999999997,,,0.0,
CLE,Raheim Sanders,RB,RB,0.32,,,0.0,
CLE,Carson Schwesinger,LB,LB,1.0,,,0.0,
CLE,Ronnie Hickman,S,DB,0.9833333333333333,,,0.0,
CLE,Denzel Ward,CB,DB,0.9966666666666667,,,0.0,
CLE,Tyson Campbell,CB,DB,0.9133333333333334,,,0.0,
CLE,Quincy Williams,LB,LB,0.9533333333333333,,,0.0,
CLE,Grant Delpit,S,DB,0.9899999999999999,,,0.0,
CLE,Maliek Collins,DT,DL,0.7033333333333333,,,0.0,
CLE,Adin Huntington,DE,DL,0.4133333333333334,,,0.0,
CLE,Isaiah McGuire,DE,DL,0.5933333333333333,,,0.0,
CLE,Jared Verse,DE,DL,0.6333333333333334,,,0.0,
CLE,Myles Harden,CB,DB,0.7233333333333333,,,0.0,
CLE,Emmanuel McNeil-Warren,S,DB,0.30333333333333334,,,0.0,
CLE,Derek Barnett,DE,DL,0.3833333333333333,,,0.0,
CLE,Michael Hall,DT,DL,0.4366666666666666,,,0.0,
CLE,Sam Williams,DE,DL,0.36000000000000004,,,0.0,
CLE,Mason Graham,DT,DL,0.48666666666666664,,,0.0,
CLE,Mekhi Blackmon,CB,DB,0.4166666666666667,,,0.0,
PIT,Mason McCormick,G,OL,1.0,,,0.0,
PIT,Brock Hoffman,G,OL,0.68,,,0.0,
PIT,Troy Fautanu,T,OL,1.0,,,0.0,
PIT,Aaron Rodgers,QB,QB,0.9866666666666667,,,0.0,
PIT,Max Iheanachor,T,OL,0.68,,,0.0,
PIT,Zach Frazier,C,OL,1.0,,,0.0,
PIT,Jaylen Warren,RB,RB,0.86,,,0.0,
PIT,D.K. Metcalf,WR,WR,0.9633333333333333,,,0.0,
PIT,Pat Freiermuth,TE,TE,0.67,,,0.0,
PIT,Michael Pittman Jr.,WR,WR,0.7766666666666667,,,0.0,
PIT,Darnell Washington,TE,TE,0.6666666666666666,,,0.0,
PIT,Germie Bernard,WR,WR,0.48666666666666664,,,0.0,
PIT,Roman Wilson,WR,WR,0.49666666666666665,,,0.0,
PIT,Jaquan Brisker,S,DB,0.9933333333333333,,,0.0,
PIT,Patrick Queen,LB,LB,1.0,,,0.0,
PIT,Jalen Ramsey,CB,DB,0.9933333333333333,,,0.0,
PIT,Asante Samuel Jr.,CB,DB,0.8766666666666668,,,0.0,
PIT,Daylen Everette,CB,DB,0.47333333333333333,,,0.0,
PIT,Payton Wilson,LB,LB,0.7633333333333333,,,0.0,
PIT,T.J. Watt,LB,LB,0.6866666666666666,,,0.0,
PIT,Cameron Heyward,DT,DL,0.7066666666666667,,,0.0,
PIT,Alex Highsmith,LB,LB,0.6733333333333332,,,0.0,
PIT,Keeanu Benton,DT,DL,0.6066666666666666,,,0.0,
PIT,Yahya Black,DL,DL,0.36333333333333334,,,0.0,
PIT,Nick Herbig,LB,LB,0.48,,,0.0,
PIT,Sebastian Joseph-Day,DT,DL,0.2333333333333333,,,0.0,
PIT,Jamel Dean,CB,DB,0.64,,,0.0,
PIT,Jack Sawyer,LB,LB,0.24666666666666667,,,0.0,
PIT,Rayshawn Jenkins,S,DB,0.5533333333333333,,,0.0,
PIT,Derrick Harmon,DT,DL,0.35999999999999993,,,0.0,
PIT,Dylan Cook,T,OL,0.32,,,0.0,
BAL,John Simpson,G,OL,1.0,,,0.0,
BAL,Roger Rosengarten,T,OL,1.0,,,0.0,
BAL,Olaivavega Ioane,G,OL,1.0,,,0.0,
BAL,Ronnie Stanley,T,OL,0.9199999999999999,,,0.0,
BAL,Zay Flowers,WR,WR,0.45,,,0.0,
BAL,Devontez Walker,WR,WR,0.4166666666666667,,,0.0,
BAL,Derrick Henry,RB,RB,0.6066666666666667,,,0.0,
BAL,Matthew Hibner,TE,TE,0.47,,,0.0,
BAL,Mark Andrews,TE,TE,0.6033333333333333,,,0.0,
BAL,Emery Jones,G,OL,0.20333333333333337,,,0.0,
BAL,Lamar Jackson,QB,QB,0.8399999999999997,,,0.0,
BAL,Tyler Huntley,QB,QB,0.6699999999999999,,,0.0,
BAL,Rashod Bateman,WR,WR,0.7600000000000001,,,0.0,
BAL,Justice Hill,RB,RB,0.3933333333333333,,,0.0,
BAL,Elijah Sarratt,WR,WR,0.36,,,0.0,
BAL,Josh Cuevas,TE,TE,0.20666666666666667,,,0.0,
BAL,Durham Smythe,TE,TE,0.4533333333333333,,,0.0,
BAL,LaJohntay Wester,WR,WR,0.24333333333333332,,,0.0,
BAL,Carson Vinson,T,OL,0.4166666666666667,,,0.0,
BAL,Kyle Hamilton,S,DB,0.9666666666666665,,,0.0,
BAL,Nate Wiggins,CB,DB,0.9733333333333333,,,0.0,
BAL,Roquan Smith,LB,LB,1.0,,,0.0,
BAL,Malaki Starks,S,DB,0.9699999999999999,,,0.0,
BAL,Chidobe Awuzie,CB,DB,0.36333333333333334,,,0.0,
BAL,Tavius Robinson,LB,LB,0.7600000000000001,,,0.0,
BAL,Nnamdi Madubuike,DL,DL,0.6499999999999999,,,0.0,
BAL,Jaylinn Hawkins,S,DB,0.82,,,0.0,
BAL,Mike Green,LB,LB,0.47,,,0.0,
BAL,Trenton Simpson,LB,LB,0.6000000000000001,,,0.0,
BAL,Travis Jones,DL,DL,0.5500000000000002,,,0.0,
BAL,Calais Campbell,DL,DL,0.5,,,0.0,
BAL,Chandler Rivers,CB,DB,0.41,,,0.0,
BAL,Zion Young,LB,LB,0.36000000000000004,,,0.0,
BAL,Broderick Washington Jr.,DL,DL,0.35000000000000003,,,0.0,
BAL,John Jenkins,NT,DL,0.20333333333333328,,,0.0,
BAL,Marlon Humphrey,CB,DB,0.6566666666666666,,,0.0,
TEN,Peter Skoronski,G,OL,1.0,,,0.0,
TEN,Dan Moore,T,OL,1.0,,,0.0,
TEN,JC Latham,T,OL,1.0,,,0.0,
TEN,Cam Ward,QB,QB,1.0,,,0.0,
TEN,Austin Schlottmann,C,OL,1.0,,,0.0,
TEN,Atonio Mafi,G,OL,1.0,,,0.0,
TEN,Carnell Tate,WR,WR,0.8233333333333334,,,0.0,
TEN,Gunnar Helm,TE,TE,0.8033333333333333,,,0.0,
TEN,Wan'Dale Robinson,WR,WR,0.61,,,0.0,
TEN,Elic Ayomanor,WR,WR,0.65,,,0.0,
TEN,Tony Pollard,RB,RB,0.5366666666666666,,,0.0,
TEN,Daniel Bellinger,TE,TE,0.4566666666666667,,,0.0,
TEN,Calvin Ridley,WR,WR,0.47333333333333333,,,0.0,
TEN,Tyjae Spears,RB,RB,0.3966666666666668,,,0.0,
TEN,Alontae Taylor,CB,DB,0.9933333333333333,,,0.0,
TEN,Anthony Hill,LB,LB,1.0,,,0.0,
TEN,Kevin Winston,S,DB,1.0,,,0.0,
TEN,Cordale Flott,CB,DB,0.9966666666666667,,,0.0,
TEN,Amani Hooker,S,DB,0.9933333333333333,,,0.0,
TEN,Jeffery Simmons,DT,DL,0.8933333333333334,,,0.0,
TEN,Cody Barton,LB,LB,0.7666666666666666,,,0.0,
TEN,John Franklin-Myers,DL,DL,0.5166666666666667,,,0.0,
TEN,Jacob Martin,DE,DL,0.61,,,0.0,
TEN,Marcus Harris,CB,DB,0.5633333333333334,,,0.0,
TEN,Jermaine Johnson II,DE,DL,0.6066666666666668,,,0.0,
TEN,Cedric Gray,LB,LB,0.44333333333333336,,,0.0,
TEN,Jordan Elliott,DL,DL,0.35000000000000003,,,0.0,
TEN,Keldric Faulk,DE,DL,0.3233333333333333,,,0.0,
TEN,Nazir Stackhouse,DT,DL,0.25,,,0.0,
TEN,Solomon Thomas,DT,DL,0.22666666666666668,,,0.0,
TEN,Micah Robinson,CB,DB,0.34,,,0.0,
