game_id,season,week,home_team,away_team,home_score,away_score
2026_01_NE_SEA,2026,1,SEA,NE,13.0,10.0
2026_01_SF_LA,2026,1,LA,SF,7.0,27.0
2026_01_CHI_CAR,2026,1,CAR,CHI,37.0,59.0
2026_01_TB_CIN,2026,1,CIN,TB,33.0,27.0
2026_01_NO_DET,2026,1,DET,NO,31.0,30.0
2026_01_BUF_HOU,2026,1,HOU,BUF,31.0,36.0
2026_01_BAL_IND,2026,1,IND,BAL,23.0,41.0
2026_01_CLE_JAX,2026,1,JAX,CLE,34.0,10.0
2026_01_ATL_PIT,2026,1,PIT,ATL,20.0,13.0
2026_01_NYJ_TEN,2026,1,TEN,NYJ,10.0,23.0
2026_01_ARI_LAC,2026,1,LAC,ARI,14.0,26.0
2026_01_MIA_LV,2026,1,LV,MIA,27.0,13.0
2026_01_GB_MIN,2026,1,MIN,GB,39.0,22.0
2026_01_WAS_PHI,2026,1,PHI,WAS,24.0,22.0
2026_01_DAL_NYG,2026,1,NYG,DAL,28.0,20.0
2026_01_DEN_KC,2026,1,KC,DEN,31.0,10.0
2026_02_DET_BUF,2026,2,BUF,DET,41.0,31.0
2026_02_CAR_ATL,2026,2,ATL,CAR,3.0,34.0
2026_02_NO_BAL,2026,2,BAL,NO,17.0,24.0
2026_02_MIN_CHI,2026,2,CHI,MIN,3.0,9.0
2026_02_CIN_HOU,2026,2,HOU,CIN,6.0,20.0
2026_02_PIT_NE,2026,2,NE,PIT,20.0,3.0
2026_02_GB_NYJ,2026,2,NYJ,GB,17.0,20.0
2026_02_CLE_TB,2026,2,TB,CLE,19.0,23.0
2026_02_PHI_TEN,2026,2,TEN,PHI,20.0,24.0
2026_02_JAX_DEN,2026,2,DEN,JAX,20.0,13.0
2026_02_LV_LAC,2026,2,LAC,LV,14.0,26.0
2026_02_SEA_ARI,2026,2,ARI,SEA,7.0,31.0
2026_02_WAS_DAL,2026,2,DAL,WAS,37.0,20.0
2026_02_MIA_SF,2026,2,SF,MIA,35.0,13.0
2026_02_IND_KC,2026,2,KC,IND,33.0,30.0
2026_02_NYG_LA,2026,2,LA,NYG,28.0,6.0
2026_03_ATL_GB,2026,3,GB,ATL,14.0,35.0
2026_03_LAC_BUF,2026,3,BUF,LAC,24.0,16.0
2026_03_CAR_CLE,2026,3,CLE,CAR,21.0,18.0
2026_03_NYJ_DET,2026,3,DET,NYJ,31.0,24.0
2026_03_HOU_IND,2026,3,IND,HOU,19.0,17.0
2026_03_NE_JAX,2026,3,JAX,NE,35.0,6.0
2026_03_KC_MIA,2026,3,MIA,KC,10.0,24.0
2026_03_TEN_NYG,2026,3,NYG,TEN,12.0,7.0
2026_03_CIN_PIT,2026,3,PIT,CIN,30.0,27.0
2026_03_SEA_WAS,2026,3,WAS,SEA,33.0,31.0
2026_03_ARI_SF,2026,3,SF,ARI,36.0,30.0
2026_03_MIN_TB,2026,3,TB,MIN,16.0,23.0
2026_03_BAL_DAL,2026,3,DAL,BAL,31.0,34.0
2026_03_LV_NO,2026,3,NO,LV,27.0,35.0
2026_03_LA_DEN,2026,3,DEN,LA,30.0,26.0
2026_03_PHI_CHI,2026,3,CHI,PHI,27.0,7.0
2026_04_PIT_CLE,2026,4,CLE,PIT,27.0,24.0
2026_04_IND_WAS,2026,4,WAS,IND,13.0,30.0
2026_04_TEN_BAL,2026,4,BAL,TEN,24.0,18.0
2026_04_NE_BUF,2026,4,BUF,NE,26.0,29.0
2026_04_NYJ_CHI,2026,4,CHI,NYJ,23.0,12.0
2026_04_JAX_CIN,2026,4,CIN,JAX,17.0,22.0
2026_04_DAL_HOU,2026,4,HOU,DAL,30.0,34.0
2026_04_ARI_NYG,2026,4,NYG,ARI,36.0,24.0
2026_04_LA_PHI,2026,4,PHI,LA,20.0,24.0
2026_04_GB_TB,2026,4,TB,GB,14.0,17.0
2026_04_MIA_MIN,2026,4,MIN,MIA,15.0,10.0
2026_04_KC_LV,2026,4,LV,KC,27.0,30.0
2026_04_LAC_SEA,2026,4,SEA,LAC,30.0,23.0
2026_04_DEN_SF,2026,4,SF,DEN,24.0,14.0
2026_04_DET_CAR,2026,4,CAR,DET,32.0,26.0
2026_04_ATL_NO,2026,4,NO,ATL,24.0,45.0
2026_05_TB_DAL,2026,5,DAL,TB,16.0,24.0
