team,dropbacks_faced,blitz,blitz_n,man,man_n,cov1,cov1_n,cov2,cov2_n,cov3,cov3_n,cov4,cov4_n,season,blitz_league,blitz_z,man_league,man_z,cov1_league,cov1_z,cov2_league,cov2_z,cov3_league,cov3_z,cov4_league,cov4_z
ARI,621,0.23993558776167473,621,0.2785829307568438,621,0.1723027375201288,621,0.20772946859903382,621,0.2576489533011272,621,0.13365539452495975,621,2025,0.2934947049924357,-0.8538007371399668,0.3095947105435825,-0.409218039558507,0.22414576288295562,-0.7928822847367529,0.2293443698581739,-0.39982741902790325,0.27663655175894614,-0.3976996603030697,0.10054004946247413,1.061587475076913
ATL,630,0.3634920634920635,630,0.326984126984127,630,0.27936507936507937,630,0.15714285714285714,630,0.2523809523809524,630,0.15714285714285714,630,2025,0.2934947049924357,1.115847298739797,0.3095947105435825,0.22946322184027199,0.22414576288295562,0.8445189590602399,0.2293443698581739,-1.3355667986994963,0.27663655175894614,-0.5080391632730752,0.10054004946247413,1.8145313471534052
BAL,697,0.28694404591104733,697,0.3218390804597701,696,0.2442528735632184,696,0.1882183908045977,696,0.3117816091954023,696,0.07614942528735633,696,2025,0.2934947049924357,-0.10442587259876934,0.3095947105435825,0.1615714121275329,0.22414576288295562,0.3075162327824501,0.2293443698581739,-0.760738800647251,0.27663655175894614,0.7361213918053342,0.10054004946247413,-0.7818967637134968
BUF,535,0.30654205607476637,535,0.3121495327102804,535,0.17009345794392525,535,0.25794392523364484,535,0.22242990654205608,535,0.10841121495327102,535,2025,0.2934947049924357,0.2079914410056756,0.3095947105435825,0.033712328852657375,0.22414576288295562,-0.8266707958381624,0.2293443698581739,0.5290279272631317,0.27663655175894614,-1.1353707756574551,0.10054004946247413,0.25232805768808164
CAR,563,0.28063943161634103,563,0.21530249110320285,562,0.18505338078291814,562,0.2188612099644128,562,0.33274021352313166,562,0.1387900355871886,562,2025,0.2934947049924357,-0.20492947703666745,0.3095947105435825,-1.2442393648594443,0.22414576288295562,-0.5978751629241297,0.2293443698581739,-0.19391505486553787,0.27663655175894614,1.1751042278960153,0.10054004946247413,1.2261900371336416
CHI,597,0.2948073701842546,597,0.41708542713567837,597,0.3065326633165829,597,0.2529313232830821,597,0.22780569514237856,597,0.04522613065326633,597,2025,0.2934947049924357,0.0209255597616403,0.3095947105435825,1.4184010275142738,0.22414576288295562,1.2600173965740944,0.2293443698581739,0.4363059815794683,0.27663655175894614,-1.0227736346888998,0.10054004946247413,-1.7732130918302667
CIN,610,0.21147540983606558,610,0.35960591133004927,609,0.2512315270935961,609,0.20361247947454844,609,0.32348111658456485,609,0.03284072249589491,609,2025,0.2934947049924357,-1.3074923240891205,0.3095947105435825,0.6599261855508297,0.22414576288295562,0.41424709420165257,0.2293443698581739,-0.47598252684329856,0.27663655175894614,0.9811702917343913,0.10054004946247413,-2.170255434248004
CLE,564,0.28368794326241137,564,0.4078014184397163,564,0.34574468085106386,564,0.20212765957446807,564,0.2712765957446808,564,0.06382978723404255,564,2025,0.2934947049924357,-0.15633230768116257,0.3095947105435825,1.2958932622737136,0.22414576288295562,1.8597222524209103,0.2293443698581739,-0.5034483802031127,0.27663655175894614,-0.11226552377585758,0.10054004946247413,-1.1768306963118478
DAL,635,0.27086614173228346,635,0.2503937007874016,635,0.2110236220472441,635,0.247244094488189,635,0.28976377952755905,635,0.12598425196850394,635,2025,0.2934947049924357,-0.3607282007411428,0.3095947105435825,-0.7811909319267131,0.22414576288295562,-0.20068877025677298,0.2293443698581739,0.3311049453488846,0.27663655175894614,0.2749528349199179,0.10054004946247413,0.8156716061014643
DEN,695,0.3035971223021583,695,0.4460431654676259,695,0.30935251798561153,695,0.16115107913669063,695,0.23309352517985613,695,0.08776978417266187,695,2025,0.2934947049924357,0.1610454352481899,0.3095947105435825,1.8005148240050874,0.22414576288295562,1.3031439849041067,0.2293443698581739,-1.2614236399835783,0.27663655175894614,-0.9120188062509089,0.10054004946247413,-0.4093798104623035
DET,640,0.315625,640,0.4078125,640,0.278125,640,0.171875,640,0.278125,640,0.075,640,2025,0.2934947049924357,0.35278516838084334,0.3095947105435825,1.2960394897526182,0.22414576288295562,0.8255533035384455,0.2293443698581739,-1.0630550446691138,0.27663655175894614,0.03117589415854036,0.10054004946247413,-0.8187441976234175
GB,613,0.23817292006525284,613,0.19504132231404958,605,0.1669421487603306,605,0.28264462809917357,605,0.3371900826446281,605,0.09752066115702479,605,2025,0.2934947049924357,-0.8818999115915102,0.3095947105435825,-1.511596989222778,0.22414576288295562,-0.8748666178974213,0.2293443698581739,0.9859357871000257,0.27663655175894614,1.2683077702999517,0.10054004946247413,-0.09679333859908562
HOU,623,0.21348314606741572,623,0.3146067415730337,623,0.2857142857142857,623,0.22953451043338685,623,0.22150882825040127,623,0.12199036918138041,623,2025,0.2934947049924357,-1.2754864441765807,0.3095947105435825,0.06613659474505491,0.22414576288295562,0.9416231153318274,0.2293443698581739,0.0035171761614096048,0.27663655175894614,-1.1546629744322194,0.10054004946247413,0.6876386372244864
IND,694,0.3069164265129683,694,0.3645533141210375,694,0.23919308357348704,694,0.24063400576368876,694,0.2622478386167147,694,0.07492795389048991,694,2025,0.2934947049924357,0.21395938395594966,0.3095947105435825,0.7252099740001541,0.22414576288295562,0.23013228731882443,0.2293443698581739,0.20883306066262944,0.27663655175894614,-0.30137493909912166,0.10054004946247413,-0.8210537990284342
JAX,706,0.3031161473087819,706,0.23796033994334279,706,0.16147308781869688,706,0.25920679886685555,706,0.29603399433427763,706,0.09773371104815864,706,2025,0.2934947049924357,0.1533780795275693,0.3095947105435825,-0.945256186636956,0.22414576288295562,-0.9585099142602213,0.2293443698581739,0.5523882701706208,0.27663655175894614,0.4062839405465163,0.10054004946247413,-0.08996354124781432
KC,583,0.3893653516295026,583,0.3602058319039451,583,0.21612349914236706,583,0.2555746140651801,583,0.2058319039451115,583,0.12006861063464837,583,2025,0.2934947049924357,1.5283005583557494,0.3095947105435825,0.6678424780960727,0.22414576288295562,-0.12269173642708579,0.2293443698581739,0.48520096002400753,0.27663655175894614,-1.4830197955784594,0.10054004946247413,0.6260323094183519
LA,662,0.24773413897280966,662,0.2552870090634441,662,0.17522658610271905,662,0.24169184290030213,662,0.27794561933534745,662,0.11329305135951662,662,2025,0.2934947049924357,-0.7294818701205041,0.3095947105435825,-0.7166209513113531,0.22414576288295562,-0.7481652234124203,0.2293443698581739,0.2284006861175521,0.27663655175894614,0.02741872446929587,0.10054004946247413,0.40882639326229697
LAC,588,0.24489795918367346,588,0.2227891156462585,588,0.13095238095238096,588,0.2568027210884354,588,0.3129251700680272,588,0.11564625850340136,588,2025,0.2934947049924357,-0.7746941984752214,0.3095947105435825,-1.145449103884809,0.22414576288295562,-1.4252906937881265,0.2293443698581739,0.5079181982621678,0.27663655175894614,0.7600735399187006,0.10054004946247413,0.48426378416055915
LV,594,0.21885521885521886,594,0.2037037037037037,594,0.13804713804713806,594,0.21885521885521886,594,0.38047138047138046,594,0.11616161616161616,594,2025,0.2934947049924357,-1.1898487424490853,0.3095947105435825,-1.3972919491844702,0.22414576288295562,-1.316784155530102,0.2293443698581739,-0.19402587701075194,0.27663655175894614,2.1748446070365244,0.10054004946247413,0.500784742468965
MIA,593,0.3642495784148398,593,0.2748735244519393,593,0.20236087689713322,593,0.35075885328836426,593,0.2411467116357504,593,0.07082630691399663,593,2025,0.2934947049924357,1.127923054146189,0.3095947105435825,-0.4581657615679385,0.22414576288295562,-0.33317596826734863,0.2293443698581739,2.245896891246331,0.27663655175894614,-0.7433429452682068,0.10054004946247413,-0.9525413933511347
MIN,526,0.5133079847908745,526,0.18250950570342206,526,0.07604562737642585,526,0.37072243346007605,526,0.2414448669201521,526,0.11977186311787072,526,2025,0.2934947049924357,3.504104436905678,0.3095947105435825,-1.6769614236658692,0.22414576288295562,-2.2650293455759316,0.2293443698581739,2.6151785566546746,0.27663655175894614,-0.737098013578318,0.10054004946247413,0.616519394892566
NE,591,0.27411167512690354,591,0.30664395229982966,587,0.25894378194207834,587,0.26405451448040884,587,0.29982964224872233,587,0.09369676320272573,587,2025,0.2934947049924357,-0.308990253067362,0.3095947105435825,-0.03893693016084161,0.22414576288295562,0.5321975842037524,0.2293443698581739,0.6420601867207216,0.27663655175894614,0.4857846678005783,0.10054004946247413,-0.21937705821898978
NO,565,0.31504424778761064,565,0.21946902654867256,565,0.16460176991150444,565,0.15221238938053097,565,0.40353982300884955,565,0.0920353982300885,565,2025,0.2934947049924357,0.3435272363485187,0.3095947105435825,-1.1892595643297357,0.22414576288295562,-0.9106601487691248,0.2293443698581739,-1.4267694452615554,0.27663655175894614,2.6580184945217233,0.10054004946247413,-0.27263587956466123
NYG,624,0.3317307692307692,624,0.39903846153846156,624,0.3060897435897436,624,0.15064102564102563,624,0.2564102564102564,624,0.14743589743589744,624,2025,0.2934947049924357,0.6095317010428715,0.3095947105435825,1.1802610712634904,0.22414576288295562,1.2532434245206978,0.2293443698581739,-1.4558361664456172,0.27663655175894614,-0.42364445441761595,0.10054004946247413,1.5033527431998455
NYJ,579,0.29360967184801384,579,0.4006908462867012,579,0.2763385146804836,579,0.2607944732297064,579,0.22279792746113988,579,0.07081174438687392,579,2025,0.2934947049924357,0.0018327185195449642,0.3095947105435825,1.2020652260692122,0.22414576288295562,0.7982309674696384,0.2293443698581739,0.5817567014738632,0.27663655175894614,-1.127662492020154,0.10054004946247413,-0.9530082281786074
PHI,628,0.2627388535031847,628,0.43630573248407645,628,0.3519108280254777,628,0.18152866242038215,628,0.2229299363057325,628,0.06847133757961783,628,2025,0.2934947049924357,-0.49028755570691357,0.3095947105435825,1.6720238678825239,0.22414576288295562,1.954026719134728,0.2293443698581739,-0.8844838412463871,0.27663655175894614,-1.1248975361060025,0.10054004946247413,-1.0280352752614534
PIT,688,0.36773255813953487,688,0.35174418604651164,688,0.23982558139534885,688,0.20930232558139536,688,0.29069767441860467,688,0.09302325581395349,688,2025,0.2934947049924357,1.18344619960013,0.3095947105435825,0.5561862573622341,0.22414576288295562,0.23980564867416695,0.2293443698581739,-0.3707330761845972,0.27663655175894614,0.29451348034607344,0.10054004946247413,-0.24096786474518642
SEA,693,0.24675324675324675,693,0.27994227994227994,693,0.17604617604617603,693,0.31024531024531027,693,0.24675324675324675,693,0.06926406926406926,693,2025,0.2934947049924357,-0.7451185449467402,0.3095947105435825,-0.39128065535918105,0.22414576288295562,-0.7356304929955993,0.2293443698581739,1.4964867895587062,0.27663655175894614,-0.6259127648976425,0.10054004946247413,-1.0026224635959755
SF,633,0.23064770932069512,633,0.24644549763033174,633,0.20537124802527645,633,0.17377567140600317,633,0.3175355450236967,633,0.13902053712480253,633,2025,0.2934947049924357,-1.0018613824491154,0.3095947105435825,-0.8332897139645543,0.22414576288295562,-0.2871356393844739,0.2293443698581739,-1.027896866818959,0.27663655175894614,0.8566389143030786,0.10054004946247413,1.2335792865844684
TB,644,0.37577639751552794,644,0.2939346811819596,643,0.17573872472783825,643,0.2130637636080871,643,0.3157076205287714,643,0.1104199066874028,643,2025,0.2934947049924357,1.3116752732621941,0.3095947105435825,-0.20664297756726444,0.22414576288295562,-0.7403326241313294,0.2293443698581739,-0.3011548699270222,0.27663655175894614,0.8183526111507126,0.10054004946247413,0.3167212259374588
TEN,598,0.25752508361204013,598,0.2646566164154104,597,0.19430485762144054,597,0.2897822445561139,597,0.2629815745393635,597,0.09380234505862646,597,2025,0.2934947049924357,-0.573401707069004,0.3095947105435825,-0.5929836632107774,0.22414576288295562,-0.45638395862847003,0.2293443698581739,1.1179657571551873,0.27663655175894614,-0.2860066697606986,0.10054004946247413,-0.21599239242106136
WAS,618,0.2669902912621359,618,0.3106796116504854,618,0.2459546925566343,618,0.1941747572815534,618,0.23786407766990292,618,0.1553398058252427,618,2025,0.2934947049924357,-0.42251420767248304,0.3095947105435825,0.014315885999922756,0.22414576288295562,0.3335436901359618,0.2293443698581739,-0.6505593181359225,0.27663655175894614,-0.8120984762015708,0.10054004946247413,1.7567304487454714
ARI,124,0.23387096774193547,124,,0,,0,,0,,0,,0,2026,0.31145811352606034,-0.7335394074913869,,0.0,,0.0,,0.0,,0.0,,0.0
ATL,187,0.22994652406417113,187,,0,,0,,0,,0,,0,2026,0.31145811352606034,-0.7706426423252889,,0.0,,0.0,,0.0,,0.0,,0.0
BAL,156,0.3076923076923077,156,,0,,0,,0,,0,,0,2026,0.31145811352606034,-0.03560341023117934,,0.0,,0.0,,0.0,,0.0,,0.0
BUF,167,0.32934131736526945,167,,0,,0,,0,,0,,0,2026,0.31145811352606034,0.16907484629941402,,0.0,,0.0,,0.0,,0.0,,0.0
CAR,169,0.3609467455621302,169,,0,,0,,0,,0,,0,2026,0.31145811352606034,0.4678850014962875,,0.0,,0.0,,0.0,,0.0,,0.0
CHI,116,0.39655172413793105,116,,0,,0,,0,,0,,0,2026,0.31145811352606034,0.8045084798351495,,0.0,,0.0,,0.0,,0.0,,0.0
CIN,161,0.16149068322981366,161,,0,,0,,0,,0,,0,2026,0.31145811352606034,-1.4178510995699396,,0.0,,0.0,,0.0,,0.0,,0.0
CLE,160,0.24375,160,,0,,0,,0,,0,,0,2026,0.31145811352606034,-0.6401391490345061,,0.0,,0.0,,0.0,,0.0,,0.0
DAL,161,0.2692307692307692,130,,0,,0,,0,,0,,0,2026,0.31145811352606034,-0.3992339298121279,,0.0,,0.0,,0.0,,0.0,,0.0
DEN,155,0.3935483870967742,155,,0,,0,,0,,0,,0,2026,0.31145811352606034,0.7761137496075826,,0.0,,0.0,,0.0,,0.0,,0.0
DET,192,0.3125,192,,0,,0,,0,,0,,0,2026,0.31145811352606034,0.009850404716439031,,0.0,,0.0,,0.0,,0.0,,0.0
GB,141,0.3971631205673759,141,,0,,0,,0,,0,,0,2026,0.31145811352606034,0.8102888622691827,,0.0,,0.0,,0.0,,0.0,,0.0
HOU,160,0.20625,160,,0,,0,,0,,0,,0,2026,0.31145811352606034,-0.9946789056259308,,0.0,,0.0,,0.0,,0.0,,0.0
IND,152,0.20394736842105263,152,,0,,0,,0,,0,,0,2026,0.31145811352606034,-1.0164488906797902,,0.0,,0.0,,0.0,,0.0,,0.0
JAX,156,0.26282051282051283,156,,0,,0,,0,,0,,0,2026,0.31145811352606034,-0.4598390164089524,,0.0,,0.0,,0.0,,0.0,,0.0
KC,158,0.2848101265822785,158,,0,,0,,0,,0,,0,2026,0.31145811352606034,-0.2519405547919967,,0.0,,0.0,,0.0,,0.0,,0.0
LA,139,0.3237410071942446,139,,0,,0,,0,,0,,0,2026,0.31145811352606034,0.11612731016950383,,0.0,,0.0,,0.0,,0.0,,0.0
LAC,128,0.265625,128,,0,,0,,0,,0,,0,2026,0.31145811352606034,-0.4333242910228417,,0.0,,0.0,,0.0,,0.0,,0.0
LV,147,0.25170068027210885,147,,0,,0,,0,,0,,0,2026,0.31145811352606034,-0.5649702890769137,,0.0,,0.0,,0.0,,0.0,,0.0
MIA,124,0.2903225806451613,124,,0,,0,,0,,0,,0,2026,0.31145811352606034,-0.19982364488063983,,0.0,,0.0,,0.0,,0.0,,0.0
MIN,153,0.7254901960784313,153,,0,,0,,0,,0,,0,2026,0.31145811352606034,3.9144222338442196,,0.0,,0.0,,0.0,,0.0,,0.0
NE,140,0.37142857142857144,140,,0,,0,,0,,0,,0,2026,0.31145811352606034,0.566984307931535,,0.0,,0.0,,0.0,,0.0,,0.0
NO,138,0.34057971014492755,138,,0,,0,,0,,0,,0,2026,0.31145811352606034,0.2753270340481822,,0.0,,0.0,,0.0,,0.0,,0.0
NYG,143,0.3356643356643357,143,,0,,0,,0,,0,,0,2026,0.31145811352606034,0.22885514946405575,,0.0,,0.0,,0.0,,0.0,,0.0
NYJ,143,0.3706293706293706,143,,0,,0,,0,,0,,0,2026,0.31145811352606034,0.5594283490830995,,0.0,,0.0,,0.0,,0.0,,0.0
PHI,152,0.19736842105263158,152,,0,,0,,0,,0,,0,2026,0.31145811352606034,-1.0786488479765313,,0.0,,0.0,,0.0,,0.0,,0.0
PIT,130,0.2846153846153846,130,,0,,0,,0,,0,,0,2026,0.31145811352606034,-0.2537817219797486,,0.0,,0.0,,0.0,,0.0,,0.0
SEA,149,0.21476510067114093,149,,0,,0,,0,,0,,0,2026,0.31145811352606034,-0.9141737931113231,,0.0,,0.0,,0.0,,0.0,,0.0
SF,154,0.3116883116883117,154,,0,,0,,0,,0,,0,2026,0.31145811352606034,0.002176384010996873,,0.0,,0.0,,0.0,,0.0,,0.0
TB,179,0.41911764705882354,136,,0,,0,,0,,0,,0,2026,0.31145811352606034,1.0178555950253914,,0.0,,0.0,,0.0,,0.0,,0.0
TEN,127,0.2204724409448819,127,,0,,0,,0,,0,,0,2026,0.31145811352606034,-0.860214352273015,,0.0,,0.0,,0.0,,0.0,,0.0
WAS,152,0.47368421052631576,152,,0,,0,,0,,0,,0,2026,0.31145811352606034,1.533749358486597,,0.0,,0.0,,0.0,,0.0,,0.0
