qb_id,name,team,scheme,scheme_label,n_yes,n_no,epa_yes,epa_no,baseline,rel_diff,se,shrunk,league_diff
00-0023459,A.Rodgers,PIT,blitz,Blitz (vs no blitz),353,966,-0.12433005557826607,0.01086895783164189,-0.025313947197696633,-0.09243275272213379,0.0987098039743503,-0.03092953254036444,-0.04276626068777416
00-0026158,J.Flacco,CIN,blitz,Blitz (vs no blitz),173,526,-0.22635750619487097,-0.1172050059411485,-0.14421985936588952,-0.06638623956594832,0.13910299212013566,-0.013414324561261482,-0.04276626068777416
00-0026498,M.Stafford,LA,blitz,Blitz (vs no blitz),387,941,0.2081312878612972,0.08879026224060839,0.12356810630326392,0.16210728630846297,0.09584347484869592,0.056391260855842895,-0.04276626068777416
00-0027973,A.Dalton,PHI,blitz,Blitz (vs no blitz),63,151,-0.3441782907676373,-0.1439263126109231,-0.20287899776920812,-0.15748571746894002,0.2380465797304956,-0.012534155753715023,-0.04276626068777416
00-0028118,T.Taylor,NYJ,blitz,Blitz (vs no blitz),58,114,-0.13810483896709932,-0.00648890526820042,-0.05087102244573612,-0.08884967301112474,0.25598328533916115,-0.006181729494712279,-0.04276626068777416
00-0029263,R.Wilson,NYG,blitz,Blitz (vs no blitz),130,367,0.035790584528965316,-0.14650421920378684,-0.09882147376061223,0.2250610644205263,0.16198965992324724,0.03541349388728514,-0.04276626068777416
00-0029604,K.Cousins,LV,blitz,Blitz (vs no blitz),249,659,0.004118464977852933,0.00047261052199343913,0.0014724098166068935,0.04641211514363365,0.11806314584178872,0.012071792242178995,-0.04276626068777416
00-0030565,G.Smith,NYJ,blitz,Blitz (vs no blitz),374,888,-0.09179823404607543,-0.04542313279900193,-0.059166625561605325,-0.003608840559299338,0.09783656604612435,-0.0012218992877739965,-0.04276626068777416
00-0031503,J.Winston,NYG,blitz,Blitz (vs no blitz),123,360,-0.03593283300531919,-0.0941056936919496,-0.07929148693324248,0.10093912137440457,0.16576146136511405,0.015276393790284077,-0.04276626068777416
00-0032268,M.Mariota,WAS,blitz,Blitz (vs no blitz),118,227,-0.06579430223434862,0.11394151855677075,0.052466658112271955,-0.1369695601033452,0.18012310419259722,-0.017971959776209665,-0.04276626068777416
00-0032950,C.Wentz,MIN,blitz,Blitz (vs no blitz),77,180,0.04250688514892248,0.07533184474258799,0.06549712922230687,0.009941301094108651,0.21612188865231746,0.0009438796746523132,-0.04276626068777416
00-0033077,D.Prescott,DAL,blitz,Blitz (vs no blitz),319,819,0.07437303887700099,0.08403403107371196,0.08132589705723499,0.03310526849106318,0.1047484598709969,0.01022009604106225,-0.04276626068777416
00-0033106,J.Goff,DET,blitz,Blitz (vs no blitz),413,938,0.2682715008144829,0.16787026366421817,0.19856286983968768,0.1431674978380389,0.09372706920300253,0.05126290559098234,-0.04276626068777416
00-0033119,J.Brissett,ARI,blitz,Blitz (vs no blitz),226,641,-0.18536600616084256,-0.02301778381112815,-0.06533692827599026,-0.11958196166194025,0.12278353194792196,-0.02933307991466183,-0.04276626068777416
00-0033537,D.Watson,CLE,blitz,Blitz (vs no blitz),138,239,-0.3685964892303557,-0.055214042213284395,-0.1699269803786845,-0.2706161863292971,0.1696859909450919,-0.039355537005461454,-0.04276626068777416
00-0033662,C.Rush,ATL,blitz,Blitz (vs no blitz),115,303,-0.016791141518232567,-0.2793376098302503,-0.20710592596450378,0.3053127289997919,0.17383279537582577,0.04260035185041327,-0.04276626068777416
00-0033873,P.Mahomes,KC,blitz,Blitz (vs no blitz),346,943,0.11600279042886917,0.11742362600354281,0.11704223802151248,0.04134542511310052,0.09975768689369441,0.013641132021550916,-0.04276626068777416
00-0034771,M.Rudolph,PIT,blitz,Blitz (vs no blitz),60,232,0.03205061317545247,-0.0950646792156897,-0.06894509858737281,0.16988155307891634,0.22987175718389152,0.014416432920598852,-0.04276626068777416
00-0034796,L.Jackson,BAL,blitz,Blitz (vs no blitz),343,590,0.07862929371895558,0.25832026049813833,0.19226023734137554,-0.1369247060914086,0.10776595046205452,-0.04062924617062395,-0.04276626068777416
00-0034855,B.Mayfield,TB,blitz,Blitz (vs no blitz),425,880,-0.06592333122486403,0.10891616944852811,0.05197610217941573,-0.13207323998561799,0.09375258740420499,-0.047273941602204585,-0.04276626068777416
00-0034857,J.Allen,BUF,blitz,Blitz (vs no blitz),346,787,0.11754947904043549,0.17786622933039686,0.15944646269286233,-0.01755048960218722,0.10237722344237637,-0.005591110004315367,-0.04276626068777416
00-0034869,S.Darnold,SEA,blitz,Blitz (vs no blitz),333,835,0.04147170875477846,0.07309270466591197,0.0640774720987823,0.011145264776640643,0.10286553151717635,0.0035275936394560366,-0.04276626068777416
00-0035100,J.Browning,CIN,blitz,Blitz (vs no blitz),30,104,-0.30564566228225776,-0.2989755927511963,-0.3004688918999414,0.036096191156712684,0.3289189610219059,0.0015640194590726205,-0.04276626068777416
00-0035228,K.Murray,MIN,blitz,Blitz (vs no blitz),233,592,-0.13814599787023293,0.05945598298587573,0.003648393241059592,-0.15483572016833452,0.12274447932452669,-0.03799895598840505,-0.04276626068777416
00-0035289,G.Minshew II,KC,blitz,Blitz (vs no blitz),121,225,-0.13315431673950676,-0.16930379653918837,-0.15666192643583152,0.07891574048745577,0.1789237174292982,0.0104754376665008,-0.04276626068777416
00-0035704,D.Lock,SEA,blitz,Blitz (vs no blitz),66,180,-0.3507936715675011,-0.040390881170817614,-0.12366967859431806,-0.2676365297089093,0.22838792606592984,-0.022982737186073427,-0.04276626068777416
00-0035710,D.Jones,IND,blitz,Blitz (vs no blitz),305,615,-0.11850929524378842,0.013327847351425249,-0.030379031443727108,-0.08907088190743952,0.11115275812945717,-0.02529405675325234,-0.04276626068777416
00-0035993,T.Huntley,BAL,blitz,Blitz (vs no blitz),58,174,-0.18785951464270087,-0.13268418129710496,-0.14647801463350396,-0.012409072657821749,0.2406407536757953,-0.0009681009236245915,-0.04276626068777416
00-0036212,T.Tagovailoa,MIA,blitz,Blitz (vs no blitz),201,635,-0.10019243135781412,0.13306720766312893,0.07698444756359597,-0.19049337833316887,0.12844939259714327,-0.04361917863039944,-0.04276626068777416
00-0036264,J.Love,GB,blitz,Blitz (vs no blitz),366,699,0.051927208357999494,0.21119948696652957,0.15646366164190798,-0.11650601792075592,0.1024022456992809,-0.037103297016555084,-0.04276626068777416
00-0036355,J.Herbert,LAC,blitz,Blitz (vs no blitz),381,861,0.07529921867413256,-0.01510076733822948,0.012630629337060327,0.13316624670013621,0.0976586107576866,0.0451967428942622,-0.04276626068777416
00-0036389,J.Hurts,PHI,blitz,Blitz (vs no blitz),369,642,-0.03869052485993729,0.05734082690729148,0.022290808309756945,-0.05326509107945461,0.10368327061736436,-0.016677013881242427,-0.04276626068777416
00-0036442,J.Burrow,CIN,blitz,Blitz (vs no blitz),306,839,0.06551263486457298,0.13530251166979126,0.11665124328341853,-0.027023616117444124,0.1059924320228261,-0.008207045487159207,-0.04276626068777416
00-0036898,D.Mills,HOU,blitz,Blitz (vs no blitz),74,133,-0.17213946718070372,-0.06765204085219959,-0.10500503383920105,-0.06172116564072998,0.23017454851531363,-0.005225155926773539,-0.04276626068777416
00-0036945,J.Fields,NYJ,blitz,Blitz (vs no blitz),130,280,-0.08729851767660862,-0.09447385536427787,-0.09219874829257788,0.0499415983754434,0.168443805357069,0.007354657265071104,-0.04276626068777416
00-0036971,T.Lawrence,JAX,blitz,Blitz (vs no blitz),270,747,0.01571525988320655,0.0570123921271716,0.04604855170841982,0.0014691284438091007,0.11270212404093637,0.00040897761307137967,-0.04276626068777416
00-0036972,M.Jones,SF,blitz,Blitz (vs no blitz),136,447,0.08222751003791534,0.053782425677617145,0.06041798566561124,0.07121134504807236,0.15542642907926965,0.01200850360573787,-0.04276626068777416
00-0037012,T.Lance,LAC,blitz,Blitz (vs no blitz),33,71,-0.39132634457355764,-0.484103259320476,-0.45466443060270384,0.13554317543469252,0.33438311017482825,0.005690599024308087,-0.04276626068777416
00-0037834,B.Purdy,SF,blitz,Blitz (vs no blitz),268,624,0.2904822599558812,0.15448783015258818,0.19534714314281523,0.17876069049106713,0.11591417349779289,0.04777065966877999,-0.04276626068777416
00-0038128,M.Willis,MIA,blitz,Blitz (vs no blitz),77,138,-0.04194263139617313,0.19430442602679487,0.1096950147636854,-0.19348079673519386,0.2257605901874586,-0.016969616773013677,-0.04276626068777416
00-0038579,A.O'Connell,LV,blitz,Blitz (vs no blitz),73,204,0.1965194662442763,-0.13070906807004995,-0.04447194530851271,0.3699947950021004,0.2164597628678026,0.035030054829948046,-0.04276626068777416
00-0039150,B.Young,CAR,blitz,Blitz (vs no blitz),311,780,-0.07108634927943623,-0.030587332947691805,-0.04213196546755662,0.002267244356029735,0.10643848565093728,0.0006845396403484161,-0.04276626068777416
00-0039163,C.Stroud,HOU,blitz,Blitz (vs no blitz),357,831,-0.0637929635680536,0.002046241213040818,-0.01773877234491432,-0.023072944093320252,0.1004355374617684,-0.0075435500250609,-0.04276626068777416
00-0039164,A.Richardson,IND,blitz,Blitz (vs no blitz),80,199,-0.38230342127734707,-0.03660864443961025,-0.13573259478734842,-0.30292851614996263,0.21010886538350107,-0.030264603429223748,-0.04276626068777416
00-0039376,S.Rattler,NO,blitz,Blitz (vs no blitz),155,367,-0.32753847797794305,-0.20055294503537013,-0.23825937723096172,-0.08421927225479876,0.15203731029953244,-0.014730300585532484,-0.04276626068777416
00-0039732,B.Nix,DEN,blitz,Blitz (vs no blitz),397,974,4.7913185729589884e-05,0.03556628806099066,0.02528124442460944,0.007247885812513087,0.09450565645585708,0.002567697283174329,-0.04276626068777416
00-0039851,D.Maye,NE,blitz,Blitz (vs no blitz),330,712,0.035599334598359754,0.08011666734526225,0.06601808787647355,-0.0017510720591283405,0.10569408911601817,-0.0005338886630173559,-0.04276626068777416
00-0039910,J.Daniels,WAS,blitz,Blitz (vs no blitz),268,518,-0.027312198522404036,0.06960454688309535,0.03655914259725077,-0.054150484717725225,0.1194243273192297,-0.013846937780583213,-0.04276626068777416
00-0039917,M.Penix,ATL,blitz,Blitz (vs no blitz),146,300,-0.07955321520745628,0.06691395461157026,0.018967302608032418,-0.10370090913125239,0.16015635704666037,-0.01663284708196858,-0.04276626068777416
00-0039918,C.Williams,CHI,blitz,Blitz (vs no blitz),412,878,0.07757783328898836,-0.06070296923915956,-0.01653886796660379,0.18104706321592207,0.09477914721262545,0.06390009844108278,-0.04276626068777416
00-0039923,J.McCarthy,MIN,blitz,Blitz (vs no blitz),67,206,-0.5827254203817683,-0.1649580075674318,-0.26748700631673783,-0.3750011521265623,0.223215382305096,-0.0335770133598478,-0.04276626068777416
00-0040398,B.Cook,NYJ,blitz,Blitz (vs no blitz),51,122,-0.6810015989120739,-0.21665383027973803,-0.3535424788360914,-0.4215815079445617,0.26464997406004076,-0.02756552139562093,-0.04276626068777416
00-0040668,S.Sanders,CLE,blitz,Blitz (vs no blitz),56,180,-0.2570286101152105,-0.4042507329459364,-0.3693166699013574,0.18998838351850006,0.2428508025419342,0.014574106283973017,-0.04276626068777416
00-0040676,C.Ward,TEN,blitz,Blitz (vs no blitz),201,517,-0.3036964761627362,-0.09813386801797391,-0.15567994634262186,-0.16279634745698812,0.1319267091939616,-0.03576392664946988,-0.04276626068777416
00-0040691,J.Dart,NYG,blitz,Blitz (vs no blitz),131,280,-0.12327854373137234,0.05282398755026936,-0.0033060163375531835,-0.13333627059386755,0.1680041675315034,-0.019723466579604814,-0.04276626068777416
00-0040704,D.Gabriel,CLE,blitz,Blitz (vs no blitz),65,139,-0.230073902812574,-0.27014833227638557,-0.25737951896683775,0.08284069015158572,0.23848705620458432,0.006570818481462859,-0.04276626068777416
00-0040743,T.Shough,NO,blitz,Blitz (vs no blitz),149,399,-0.14641066326820873,-0.06296274247082995,-0.08565204940296398,-0.040681660109604625,0.15237878443595548,-0.0070890874756173354,-0.04276626068777416
00-0023459,A.Rodgers,PIT,man,Man coverage (vs zone),485,668,-0.07662554703065536,0.03758866048524935,-0.025313947197696633,-0.10267341268998832,0.09468242242063321,-0.03628621640085178,-0.011540794825916384
00-0026158,J.Flacco,CIN,man,Man coverage (vs zone),278,417,-0.14024576032679942,-0.15044630395273487,-0.14421985936588952,0.021741338451851833,0.12288978500523545,0.005326122136531291,-0.011540794825916384
00-0026498,M.Stafford,LA,man,Man coverage (vs zone),446,717,0.03273533938355715,0.20835397878328388,0.12356810630326392,-0.16407784457381033,0.09571426258852937,-0.057177217539955305,-0.011540794825916384
00-0027973,A.Dalton,PHI,man,Man coverage (vs zone),113,99,-0.05537441287668582,-0.3129136572756119,-0.20287899776920812,0.26908003922484247,0.21848665664405859,0.025049048053740315,-0.011540794825916384
00-0028118,T.Taylor,NYJ,man,Man coverage (vs zone),54,118,-0.06632909227409256,-0.043796990490386545,-0.05087102244573612,-0.010991306957789632,0.26075950471376547,-0.0007388301038446269,-0.011540794825916384
00-0029263,R.Wilson,NYG,man,Man coverage (vs zone),255,242,-0.20680132537227772,0.01495894839217578,-0.09882147376061223,-0.21021947893853712,0.14243418297586707,-0.040896301369873905,-0.011540794825916384
00-0029604,K.Cousins,LV,man,Man coverage (vs zone),287,472,0.06255017033282297,-0.054004984115762544,0.0014724098166068935,0.1280959492745019,0.11880172532882877,0.0330112077979581,-0.011540794825916384
00-0030565,G.Smith,NYJ,man,Man coverage (vs zone),393,738,-0.028577450653539966,-0.08960784579000931,-0.059166625561605325,0.07257118996238573,0.0991107252076074,0.02415271209561383,-0.011540794825916384
00-0031503,J.Winston,NYG,man,Man coverage (vs zone),186,208,0.03307907315465316,-0.0692937492630842,-0.07929148693324248,0.11391361724365373,0.16016727209256856,0.018268797970914664,-0.011540794825916384
00-0032268,M.Mariota,WAS,man,Man coverage (vs zone),133,158,0.011043966423175232,0.07792441146615135,0.052466658112271955,-0.055339650217059735,0.1867694922484536,-0.006816111268456694,-0.011540794825916384
00-0032950,C.Wentz,MIN,man,Man coverage (vs zone),76,135,-0.1115821165969174,0.13755593932797597,0.06549712922230687,-0.23759726109897697,0.22760476756238723,-0.02053167346473127,-0.011540794825916384
00-0033077,D.Prescott,DAL,man,Man coverage (vs zone),389,548,0.06834870970518324,0.06481372597394378,0.08132589705723499,0.015075778557155847,0.10522490034641056,0.0046249700440597775,-0.011540794825916384
00-0033106,J.Goff,DET,man,Man coverage (vs zone),410,772,0.36020705585782015,0.12191470961511594,0.19856286983968768,0.2498331410686206,0.09698888515328158,0.08556620905676203,-0.011540794825916384
00-0033119,J.Brissett,ARI,man,Man coverage (vs zone),248,451,-0.06583001571165523,-0.07195596535091002,-0.06533692827599026,0.017666744465171177,0.12546953373919786,0.004193610859967367,-0.011540794825916384
00-0033537,D.Watson,CLE,man,Man coverage (vs zone),131,113,-0.37843436880576237,-0.1446103922959668,-0.1699269803786845,-0.22228318168387917,0.20376699984399904,-0.02346325627613327,-0.011540794825916384
00-0033662,C.Rush,ATL,man,Man coverage (vs zone),175,199,-0.035659727805807895,-0.2582739643473737,-0.20710592596450378,0.2341550313674822,0.1644765720890043,0.03590824248629682,-0.011540794825916384
00-0033873,P.Mahomes,KC,man,Man coverage (vs zone),475,679,0.02432504651068289,0.17827412497971928,0.11704223802151248,-0.14240828364312,0.09493689421990624,-0.05015452407818398,-0.011540794825916384
00-0034771,M.Rudolph,PIT,man,Man coverage (vs zone),121,170,0.08042835938846461,-0.17352284468095916,-0.06894509858737281,0.26549199889534014,0.18877442505651384,0.032092898680709185,-0.011540794825916384
00-0034796,L.Jackson,BAL,man,Man coverage (vs zone),361,471,0.22339252718697403,0.17417522918867634,0.19226023734137554,0.06075809282421407,0.11102260575232724,0.0172828472466801,-0.011540794825916384
00-0034855,B.Mayfield,TB,man,Man coverage (vs zone),481,714,-0.016271771252151304,0.14282790101517778,0.05197610217941573,-0.1475588774414127,0.09362161232404302,-0.05291168433433328,-0.011540794825916384
00-0034857,J.Allen,BUF,man,Man coverage (vs zone),489,513,0.12449654033581728,0.19887729447456998,0.15944646269286233,-0.06283995931283631,0.10030776555664123,-0.02058034008764764,-0.011540794825916384
00-0034869,S.Darnold,SEA,man,Man coverage (vs zone),400,693,0.15061253544069825,0.031156227248155643,0.0640774720987823,0.130997103018459,0.09966146699143338,0.043275899952699315,-0.011540794825916384
00-0035100,J.Browning,CIN,man,Man coverage (vs zone),43,91,-0.09251630868498162,-0.39873220045206526,-0.3004688918999414,0.31775668659300005,0.29370496134961604,0.017079456822193386,-0.011540794825916384
00-0035228,K.Murray,MIN,man,Man coverage (vs zone),316,431,-0.00028040849275438705,0.07701129798140532,0.003648393241059592,-0.06575091164824333,0.11754169039067108,-0.017214074798717272,-0.011540794825916384
00-0035289,G.Minshew II,KC,man,Man coverage (vs zone),188,158,-0.20991786523306633,-0.0932941005251977,-0.15666192643583152,-0.10508296988195225,0.17129488266676945,-0.015037308053298941,-0.011540794825916384
00-0035704,D.Lock,SEA,man,Man coverage (vs zone),92,104,-0.34110244688373453,-0.13710989393693843,-0.12366967859431806,-0.19245175812087972,0.22715968612838816,-0.016690056562896568,-0.011540794825916384
00-0035710,D.Jones,IND,man,Man coverage (vs zone),305,473,-0.059347692582428495,0.06277851833396587,-0.030379031443727108,-0.11058541609047798,0.11655290863776224,-0.029314624613408835,-0.011540794825916384
00-0035993,T.Huntley,BAL,man,Man coverage (vs zone),93,130,-0.12402950066961817,-0.16050242269680706,-0.14647801463350396,0.04801371685310528,0.21555251214217772,0.004580490568862989,-0.011540794825916384
00-0036212,T.Tagovailoa,MIA,man,Man coverage (vs zone),230,605,0.1651076913559272,0.04057988299950705,0.07698444756359597,0.13606860318233654,0.12294629336591417,0.033310507381267014,-0.011540794825916384
00-0036264,J.Love,GB,man,Man coverage (vs zone),378,525,0.2337524436650899,0.12703662082283568,0.15646366164190798,0.11825661766817061,0.1070612059740399,0.03541460826886417,-0.011540794825916384
00-0036355,J.Herbert,LAC,man,Man coverage (vs zone),488,622,0.03473832846058401,0.04429603743939272,0.012630629337060327,0.0019830858471076712,0.0959776680209598,0.0006885854904329931,-0.011540794825916384
00-0036389,J.Hurts,PHI,man,Man coverage (vs zone),406,479,0.13305190105185458,-0.03696169706037871,0.022290808309756945,0.18155439293814968,0.10706676220882097,0.05436659987373468,-0.011540794825916384
00-0036442,J.Burrow,CIN,man,Man coverage (vs zone),459,518,0.12844989804802456,0.11756358229181253,0.11665124328341853,0.022427110582128415,0.10173956274628353,0.007205644487485942,-0.011540794825916384
00-0036898,D.Mills,HOU,man,Man coverage (vs zone),69,138,-0.4822485093462669,0.08361670391433183,-0.10500503383920105,-0.5543244184346823,0.2340102560154884,-0.045527208048707725,-0.011540794825916384
00-0036945,J.Fields,NYJ,man,Man coverage (vs zone),152,257,-0.11207321731638897,-0.07596205901443971,-0.09219874829257788,-0.024570363476032878,0.1624004042451012,-0.0038496898221462295,-0.011540794825916384
00-0036971,T.Lawrence,JAX,man,Man coverage (vs zone),296,608,0.022441576095644997,0.012753030724598765,0.04604855170841982,0.021229340196962616,0.11248649318049213,0.005926195844610638,-0.011540794825916384
00-0036972,M.Jones,SF,man,Man coverage (vs zone),208,375,0.016512080477444048,0.08477112774331463,0.06041798566561124,-0.05671825243995421,0.13721474523937016,-0.011712776827732111,-0.011540794825916384
00-0037012,T.Lance,LAC,man,Man coverage (vs zone),44,60,-0.4433251701073609,-0.46297988829928866,-0.45466443060270384,0.03119551301784415,0.31501302691880034,0.0014679084415285923,-0.011540794825916384
00-0037834,B.Purdy,SF,man,Man coverage (vs zone),332,446,0.13790545720704359,0.1730770594493795,0.19534714314281523,-0.02363080741641954,0.11504483746652025,-0.0063848330573547515,-0.011540794825916384
00-0038128,M.Willis,MIA,man,Man coverage (vs zone),42,59,0.4489994328502758,0.33152116486436783,0.1096950147636854,0.12901906281182438,0.3204231189435088,0.005876988721873202,-0.011540794825916384
00-0038579,A.O'Connell,LV,man,Man coverage (vs zone),131,146,0.056391966406697414,-0.13497312636805056,-0.04447194530851271,0.20290588760066436,0.19100362795723339,0.024025653132185257,-0.011540794825916384
00-0039150,B.Young,CAR,man,Man coverage (vs zone),356,561,-0.11398366062071646,-0.06886757070381092,-0.04213196546755662,-0.033575295090989166,0.1075454511608542,-0.009991419014844828,-0.011540794825916384
00-0039163,C.Stroud,HOU,man,Man coverage (vs zone),413,616,-0.042043544293873934,0.015899503450321303,-0.01773877234491432,-0.046402252918278854,0.10093832950985998,-0.015069114930674954,-0.011540794825916384
00-0039164,A.Richardson,IND,man,Man coverage (vs zone),132,146,-0.08797828160853596,-0.16828087136166708,-0.13573259478734842,0.0918433845790475,0.1906219079167951,0.010913396462401337,-0.011540794825916384
00-0039376,S.Rattler,NO,man,Man coverage (vs zone),173,349,-0.24435173226752482,-0.23523938461971414,-0.23825937723096172,0.002428447178105697,0.14757517063107484,0.0004460303973127055,-0.011540794825916384
00-0039732,B.Nix,DEN,man,Man coverage (vs zone),424,805,0.060641326436564204,0.006983496734864242,0.02528124442460944,0.06519862452761635,0.09523769603958875,0.022868164484220837,-0.011540794825916384
00-0039851,D.Maye,NE,man,Man coverage (vs zone),379,535,0.0304709174587568,0.13233228317904178,0.06601808787647355,-0.0903205708943686,0.10655906704076316,-0.02722702529326186,-0.011540794825916384
00-0039910,J.Daniels,WAS,man,Man coverage (vs zone),356,377,-0.04400111337922592,0.13261755602107994,0.03655914259725077,-0.16507787457438947,0.11729246698976192,-0.043354179091270185,-0.011540794825916384
00-0039917,M.Penix,ATL,man,Man coverage (vs zone),153,246,-0.1659038761177383,0.07925100484391573,0.018967302608032418,-0.23361408613573764,0.16341314428158196,-0.036220549545037645,-0.011540794825916384
00-0039918,C.Williams,CHI,man,Man coverage (vs zone),453,774,-0.10225399334984171,0.011747808036496821,-0.01653886796660379,-0.10246100656042215,0.09388938786890401,-0.03660597761553442,-0.011540794825916384
00-0039923,J.McCarthy,MIN,man,Man coverage (vs zone),86,187,-0.5185909077290414,-0.15200606769931482,-0.26748700631673783,-0.35504404520381017,0.20678789018213886,-0.03650169678369188,-0.011540794825916384
00-0040398,B.Cook,NYJ,man,Man coverage (vs zone),29,144,-0.8060046357638659,-0.2624216277881368,-0.3535424788360914,-0.5320422131498127,0.32304023248257907,-0.02386167260118585,-0.011540794825916384
00-0040668,S.Sanders,CLE,man,Man coverage (vs zone),63,172,-0.07600390407326768,-0.4764200856062819,-0.3693166699013574,0.4119569763589306,0.23372934420748215,0.03390910993645001,-0.011540794825916384
00-0040676,C.Ward,TEN,man,Man coverage (vs zone),171,421,-0.1742405717965679,-0.14132541963812847,-0.15567994634262186,-0.021374357332523047,0.14392477454963876,-0.004088895046598369,-0.011540794825916384
00-0040691,J.Dart,NYG,man,Man coverage (vs zone),127,248,0.06725321631753267,-0.07819530229233579,-0.0033060163375531835,0.15698931343578484,0.17318159714633105,0.022046618110681208,-0.011540794825916384
00-0040704,D.Gabriel,CLE,man,Man coverage (vs zone),82,122,-0.2743735781055679,-0.24595728249654372,-0.25737951896683775,-0.01687550078310779,0.2266428641060547,-0.0014695997954854226,-0.011540794825916384
00-0040743,T.Shough,NO,man,Man coverage (vs zone),66,290,-0.219088884321891,-0.08571074132716058,-0.08565204940296398,-0.12183734816881403,0.21645510845395077,-0.011535662704374262,-0.011540794825916384
00-0023459,A.Rodgers,PIT,cov1,Cover-1,309,844,-0.00644902214754963,-0.011921110500152193,-0.025313947197696633,0.021251428077879348,0.10553050057983794,0.006493361159105752,-0.015779339725276786
00-0026158,J.Flacco,CIN,cov1,Cover-1,207,488,-0.2671606778215348,-0.09512739715180933,-0.14421985936588952,-0.15625394094444867,0.13164704831484064,-0.034440474719455154,-0.015779339725276786
00-0026498,M.Stafford,LA,cov1,Cover-1,331,832,-0.038261653702182534,0.21232496577897048,0.12356810630326392,-0.23480727975587623,0.1031402084776273,-0.07404832557308849,-0.015779339725276786
00-0027973,A.Dalton,PHI,cov1,Cover-1,88,124,0.06778841227459506,-0.3483962984315761,-0.20287899776920812,0.4319640504314479,0.22122263421231772,0.0393136202964397,-0.015779339725276786
00-0028118,T.Taylor,NYJ,cov1,Cover-1,34,138,-0.3193188728909527,0.015268303026273775,-0.05087102244573612,-0.3188078361919497,0.3038778390115034,-0.016064689716538485,-0.015779339725276786
00-0029263,R.Wilson,NYG,cov1,Cover-1,192,305,-0.14709186499941063,-0.06843486681684406,-0.09882147376061223,-0.06287765845728978,0.14621484490494357,-0.011724308214986021,-0.015779339725276786
00-0029604,K.Cousins,LV,cov1,Cover-1,204,555,0.12975896994891395,-0.061277988264321036,0.0014724098166068935,0.20681629793851178,0.12994905339343127,0.04651448970520496,-0.015779339725276786
00-0030565,G.Smith,NYJ,cov1,Cover-1,311,820,-0.041510863941288244,-0.07859957270015543,-0.059166625561605325,0.05286804848414397,0.1056958630602152,0.016118693113794207,-0.015779339725276786
00-0031503,J.Winston,NYG,cov1,Cover-1,135,259,0.037959435643164986,-0.05167921255514786,-0.07929148693324248,0.10541798792358964,0.16847875796363573,0.015518903856739794,-0.015779339725276786
00-0032268,M.Mariota,WAS,cov1,Cover-1,101,190,-0.12059347100569143,0.1366360269342582,0.052466658112271955,-0.24145015821467286,0.19544421254023725,-0.02745124346349621,-0.015779339725276786
00-0032950,C.Wentz,MIN,cov1,Cover-1,52,159,-0.13871586316848028,0.10882412473378622,0.06549712922230687,-0.23176064817698971,0.25354485447402314,-0.016414356973163027,-0.015779339725276786
00-0033077,D.Prescott,DAL,cov1,Cover-1,243,694,-0.0008273504512047022,0.08977898568974094,0.08132589705723499,-0.07482699641566885,0.11830435470066263,-0.01940378006561036,-0.015779339725276786
00-0033106,J.Goff,DET,cov1,Cover-1,317,865,0.29786434337202244,0.17038156286201694,0.19856286983968768,0.1432621202352823,0.10420411296218166,0.04454640452728949,-0.015779339725276786
00-0033119,J.Brissett,ARI,cov1,Cover-1,195,504,-0.12313494485982564,-0.04914021829778752,-0.06533692827599026,-0.058215386836761335,0.1338504456678071,-0.012502459812188636,-0.015779339725276786
00-0033537,D.Watson,CLE,cov1,Cover-1,116,128,-0.47077791723387385,-0.08832529878023251,-0.1699269803786845,-0.3666732787283645,0.20345798606844281,-0.03880965899152969,-0.015779339725276786
00-0033662,C.Rush,ATL,cov1,Cover-1,118,256,-0.028608259338758244,-0.21195779948894639,-0.20710592596450378,0.19912887987546493,0.17659915547125513,0.027038114422351475,-0.015779339725276786
00-0033873,P.Mahomes,KC,cov1,Cover-1,361,793,0.06043951717077624,0.13970222226374976,0.11704223802151248,-0.06348336536769673,0.10076889990249928,-0.0206630012257678,-0.015779339725276786
00-0034771,M.Rudolph,PIT,cov1,Cover-1,95,196,0.0443179160517621,-0.12233292925855224,-0.06894509858737281,0.18243018503559114,0.1984131553654383,0.020193194738703926,-0.015779339725276786
00-0034796,L.Jackson,BAL,cov1,Cover-1,279,553,0.2366220063071759,0.17479872604459695,0.19226023734137554,0.07760261998785573,0.11654960431631066,0.020572210624451796,-0.015779339725276786
00-0034855,B.Mayfield,TB,cov1,Cover-1,375,820,-0.03742656828793146,0.1319358078786908,0.05197610217941573,-0.15358303644134547,0.09894075046637604,-0.05123173383224335,-0.015779339725276786
00-0034857,J.Allen,BUF,cov1,Cover-1,394,608,0.0765797678514957,0.2183066311779272,0.15944646269286233,-0.12594752360115472,0.10264735612862676,-0.03997950807645521,-0.015779339725276786
00-0034869,S.Darnold,SEA,cov1,Cover-1,258,835,0.20871191716715828,0.03351928746122674,0.0640774720987823,0.19097196943120834,0.11305006017040976,0.05292680541910614,-0.015779339725276786
00-0035100,J.Browning,CIN,cov1,Cover-1,21,113,0.16056460129917313,-0.38614768267145827,-0.3004688918999414,0.5624916236959082,0.37715280118858796,0.018731341719135444,-0.015779339725276786
00-0035228,K.Murray,MIN,cov1,Cover-1,239,508,0.032276278006598824,0.04997879902105942,0.003648393241059592,-0.0019231812891838118,0.12449253254892502,-0.00046197704877150476,-0.015779339725276786
00-0035289,G.Minshew II,KC,cov1,Cover-1,141,205,-0.3832703825478122,-0.0007995249149082137,-0.15666192643583152,-0.3666915179076272,0.17364623450105757,-0.05125916986696575,-0.015779339725276786
00-0035704,D.Lock,SEA,cov1,Cover-1,74,122,-0.4607143732490121,-0.09465565952719897,-0.12366967859431806,-0.35027937399653636,0.23385468131285256,-0.028803930115866034,-0.015779339725276786
00-0035710,D.Jones,IND,cov1,Cover-1,228,550,-0.04165861872849595,0.038347923644404064,-0.030379031443727108,-0.06422720264762323,0.1250129022863571,-0.015330759559502095,-0.015779339725276786
00-0035993,T.Huntley,BAL,cov1,Cover-1,62,161,-0.07321117229934247,-0.1730494772068334,-0.14647801463350396,0.1156176446327677,0.23722336187765863,0.009260762858762466,-0.015779339725276786
00-0036212,T.Tagovailoa,MIA,cov1,Cover-1,156,679,-0.009415499201152526,0.09424803549623685,0.07698444756359597,-0.08788419497211258,0.14091585466187248,-0.017394180156211407,-0.015779339725276786
00-0036264,J.Love,GB,cov1,Cover-1,290,613,0.1978388372214925,0.15934647119601938,0.15646366164190798,0.05427170575074991,0.1131171479266514,0.015028200455404359,-0.015779339725276786
00-0036355,J.Herbert,LAC,cov1,Cover-1,371,739,0.0748672348121841,0.022636935670834867,0.012630629337060327,0.06800963886662602,0.10098715162779343,0.022071684724019085,-0.015779339725276786
00-0036389,J.Hurts,PHI,cov1,Cover-1,289,596,0.12385100186919204,0.0008749654277433878,0.022290808309756945,0.13875537616672545,0.11376623656557941,0.038105173944456124,-0.015779339725276786
00-0036442,J.Burrow,CIN,cov1,Cover-1,323,654,0.08782987289324572,0.13988897536190187,0.11665124328341853,-0.036279762743379365,0.10793715185272809,-0.010741162064560508,-0.015779339725276786
00-0036898,D.Mills,HOU,cov1,Cover-1,41,166,-0.23352173157899322,-0.07326295789142107,-0.10500503383920105,-0.14447943396229537,0.2767916648821252,-0.008685041548783249,-0.015779339725276786
00-0036945,J.Fields,NYJ,cov1,Cover-1,109,300,-0.07946503455478267,-0.09298563144110274,-0.09219874829257788,0.029299936611596855,0.1775013192614154,0.003943494386333836,-0.015779339725276786
00-0036971,T.Lawrence,JAX,cov1,Cover-1,217,687,-0.02074558073972717,0.027508501055877394,0.04604855170841982,-0.03247474207032778,0.12359183699124894,-0.007887320558189869,-0.015779339725276786
00-0036972,M.Jones,SF,cov1,Cover-1,153,430,0.03381834814127115,0.06988250785450434,0.06041798566561124,-0.0202848199879564,0.1494060354642306,-0.0036512754831229547,-0.015779339725276786
00-0037012,T.Lance,LAC,cov1,Cover-1,32,72,-0.5286188793539977,-0.4217957867132399,-0.45466443060270384,-0.09104375291548095,0.33720129967344076,-0.0037613545434373526,-0.015779339725276786
00-0037834,B.Purdy,SF,cov1,Cover-1,237,541,0.1170701386018491,0.17602838716917465,0.19534714314281523,-0.043178908842048766,0.12363197313167368,-0.010481945538280812,-0.015779339725276786
00-0038128,M.Willis,MIA,cov1,Cover-1,30,71,0.8017978845956215,0.20230687843437528,0.1096950147636854,0.615270345886523,0.34560872094821915,0.02424556908338201,-0.015779339725276786
00-0038579,A.O'Connell,LV,cov1,Cover-1,80,197,0.33333895594630886,-0.19789769201097834,-0.04447194530851271,0.547015987682564,0.210414461771222,0.0545077672318949,-0.015779339725276786
00-0039150,B.Young,CAR,cov1,Cover-1,293,624,-0.09171484338169071,-0.08387891223554103,-0.04213196546755662,0.007943408579127106,0.11240156818687443,0.0022198273205558537,-0.015779339725276786
00-0039163,C.Stroud,HOU,cov1,Cover-1,291,738,0.07540980496214479,-0.03999206356633624,-0.01773877234491432,0.13118120825375781,0.10986182763345874,0.03787874307667328,-0.015779339725276786
00-0039164,A.Richardson,IND,cov1,Cover-1,105,173,-0.08943000858242732,-0.15486699127153336,-0.13573259478734842,0.08121632241438283,0.19634439335713388,0.009158796654216709,-0.015779339725276786
00-0039376,S.Rattler,NO,cov1,Cover-1,128,394,-0.16745136359745866,-0.261262995873318,-0.23825937723096172,0.10959097200113616,0.16147153109919332,0.01733751341744537,-0.015779339725276786
00-0039732,B.Nix,DEN,cov1,Cover-1,312,917,0.08603521912786118,0.004897108956135503,0.02528124442460944,0.09691744989700246,0.10402261906651833,0.030208282396609,-0.015779339725276786
00-0039851,D.Maye,NE,cov1,Cover-1,283,631,0.10425801912465209,0.08374204406557788,0.06601808787647355,0.036295314784350996,0.11354787423343879,0.00999527036364481,-0.015779339725276786
00-0039910,J.Daniels,WAS,cov1,Cover-1,281,452,-0.10873565104618184,0.14355561991353938,0.03655914259725077,-0.23651193123444442,0.12057115398086182,-0.05962259735918394,-0.015779339725276786
00-0039917,M.Penix,ATL,cov1,Cover-1,128,271,-0.14434033693024936,0.04645024823860231,0.018967302608032418,-0.17501124544357488,0.17022001527967257,-0.025315389189686312,-0.015779339725276786
00-0039918,C.Williams,CHI,cov1,Cover-1,360,867,-0.1343456654773503,0.01284450288883085,-0.01653886796660379,-0.13141082864090436,0.09951196219542256,-0.04349990733884582,-0.015779339725276786
00-0039923,J.McCarthy,MIN,cov1,Cover-1,64,209,-0.5591106245139,-0.17818599404583646,-0.26748700631673783,-0.3651452907427868,0.22674201461847068,-0.03177322405739326,-0.015779339725276786
00-0040398,B.Cook,NYJ,cov1,Cover-1,22,151,-0.8515377339469423,-0.28098687875371575,-0.3535424788360914,-0.5547715154679498,0.3621904918245324,-0.01997605397694351,-0.015779339725276786
00-0040668,S.Sanders,CLE,cov1,Cover-1,43,192,-0.3648860664190809,-0.3700124990878952,-0.3693166699013574,0.020905772394091082,0.2677706029907938,0.0013372952909663904,-0.015779339725276786
00-0040676,C.Ward,TEN,cov1,Cover-1,133,459,-0.2891696367619516,-0.11074853541508854,-0.15567994634262186,-0.16264176162158628,0.15629406894035774,-0.02717365960202507,-0.015779339725276786
00-0040691,J.Dart,NYG,cov1,Cover-1,103,272,0.12117764640031317,-0.08578152233604737,-0.0033060163375531835,0.22273850846163734,0.18362270341577924,0.028262430835976113,-0.015779339725276786
00-0040704,D.Gabriel,CLE,cov1,Cover-1,52,152,-0.2728833911599469,-0.2520755626902478,-0.25737951896683775,-0.005028488744422355,0.25497959414000804,-0.00035242420272547866,-0.015779339725276786
00-0040743,T.Shough,NO,cov1,Cover-1,46,310,-0.142474552521885,-0.10568436107778925,-0.08565204940296398,-0.021010851718818974,0.25077200010698997,-0.0015187836451474172,-0.015779339725276786
00-0023459,A.Rodgers,PIT,cov2,Cover-2,259,894,0.06940937144714698,-0.0335919377075306,-0.025313947197696633,0.14078291191328002,0.11199788458309726,0.0395468360238629,-0.037781602758602435
00-0026158,J.Flacco,CIN,cov2,Cover-2,177,518,-0.21759771879847936,-0.12202632025445911,-0.14421985936588952,-0.05778979578541781,0.1381830253561106,-0.011801430620336768,-0.037781602758602435
00-0026498,M.Stafford,LA,cov2,Cover-2,240,923,0.10904584050303168,0.1493161023098087,0.12356810630326392,-0.0024886590481746004,0.11499982873539544,-0.00067279756348192,-0.037781602758602435
00-0027973,A.Dalton,PHI,cov2,Cover-2,54,158,-0.5121296321786675,-0.060637725238626775,-0.20287899776920812,-0.4137103041814383,0.2501821466841012,-0.030036260998393734,-0.037781602758602435
00-0028118,T.Taylor,NYJ,cov2,Cover-2,36,136,0.09395311484457282,-0.08920682349317083,-0.05087102244573612,0.22094154109634606,0.2974796942631076,0.011591875261303617,-0.037781602758602435
00-0029263,R.Wilson,NYG,cov2,Cover-2,100,397,-0.057595727156859164,-0.10920579280437874,-0.09882147376061223,0.089391668406122,0.17758110275290082,0.012021918415739645,-0.037781602758602435
00-0029604,K.Cousins,LV,cov2,Cover-2,186,573,-0.15409277870906493,0.036863530929784206,0.0014724098166068935,-0.1531747068802467,0.13393710649459364,-0.03286269905552405,-0.037781602758602435
00-0030565,G.Smith,NYJ,cov2,Cover-2,271,860,-0.2994492094180804,0.0044060551772461595,-0.059166625561605325,-0.26607366183672415,0.11056336270510968,-0.07613532837391414,-0.037781602758602435
00-0031503,J.Winston,NYG,cov2,Cover-2,77,317,-0.2521671057794953,0.035193927145315836,-0.07929148693324248,-0.2495794301662087,0.2016447525770906,-0.026842031059068384,-0.037781602758602435
00-0032268,M.Mariota,WAS,cov2,Cover-2,33,258,0.07643217060604444,0.043638150836956394,0.052466658112271955,0.07057562252769048,0.2934225446807262,0.003800359896470119,-0.037781602758602435
00-0032950,C.Wentz,MIN,cov2,Cover-2,46,165,0.22448060335777684,-0.0014321018578587936,0.06549712922230687,0.2636943079742381,0.26462699630041486,0.01724471015441471,-0.037781602758602435
00-0033077,D.Prescott,DAL,cov2,Cover-2,187,750,0.07614864093704275,0.06382103207174732,0.08132589705723499,0.05010921162389787,0.12972753562194245,0.011299760618503673,-0.037781602758602435
00-0033106,J.Goff,DET,cov2,Cover-2,268,914,0.16498791382160077,0.2161775577903575,0.19856286983968768,-0.013408041210154285,0.11025087653964466,-0.0038521499053346324,-0.037781602758602435
00-0033119,J.Brissett,ARI,cov2,Cover-2,149,550,-0.029681919304539176,-0.08064614235159015,-0.06533692827599026,0.0887458258056534,0.14658107975637935,0.01648049469977034,-0.037781602758602435
00-0033537,D.Watson,CLE,cov2,Cover-2,58,186,-0.07701194911421054,-0.33037195480846726,-0.1699269803786845,0.29114160845285914,0.2386922134799346,0.023056445503908257,-0.037781602758602435
00-0033662,C.Rush,ATL,cov2,Cover-2,90,284,-0.08295985888740581,-0.17665698581435643,-0.20710592596450378,0.13147872968555305,0.1919858336493415,0.015427873243017278,-0.037781602758602435
00-0033873,P.Mahomes,KC,cov2,Cover-2,230,924,0.17992045257395023,0.09872383534826322,0.11704223802151248,0.11897821998428945,0.11695446546888595,0.03138025563518323,-0.037781602758602435
00-0034771,M.Rudolph,PIT,cov2,Cover-2,59,232,-0.16629378927647834,-0.042912579924338855,-0.06894509858737281,-0.08559960659353705,0.23141435946527872,-0.007175695023456099,-0.037781602758602435
00-0034796,L.Jackson,BAL,cov2,Cover-2,157,675,0.21735682616469568,0.1904536497103807,0.19226023734137554,0.0646847792129174,0.14062863395294783,0.012844469014096539,-0.037781602758602435
00-0034855,B.Mayfield,TB,cov2,Cover-2,272,923,0.29082943788922805,0.016302050104747695,0.05197610217941573,0.3123089905430828,0.10949958108606274,0.09060389075597738,-0.037781602758602435
00-0034857,J.Allen,BUF,cov2,Cover-2,195,807,0.15861040140634625,0.16353634698318653,0.15944646269286233,0.03285565718176215,0.1266466175688744,0.007688519422081145,-0.037781602758602435
00-0034869,S.Darnold,SEA,cov2,Cover-2,222,871,0.006260857384525027,0.09236092918471481,0.0640774720987823,-0.04831846904158734,0.11932689055275147,-0.012370638546219715,-0.037781602758602435
00-0035100,J.Browning,CIN,cov2,Cover-2,40,94,-0.733720280048665,-0.11610659907069733,-0.3004688918999414,-0.5798320782193652,0.2996210242413499,-0.03001050395352445,-0.037781602758602435
00-0035228,K.Murray,MIN,cov2,Cover-2,162,585,-0.03784463902253769,0.06706682370585712,0.003648393241059592,-0.06712985996979237,0.14090897902550875,-0.013287489040161114,-0.037781602758602435
00-0035289,G.Minshew II,KC,cov2,Cover-2,62,284,-0.08156574137065621,-0.17305616402048246,-0.15666192643583152,0.1292720254084287,0.22248300522847783,0.01164426849740533,-0.037781602758602435
00-0035704,D.Lock,SEA,cov2,Cover-2,41,155,-0.1275005067399335,-0.26073118262198647,-0.12366967859431806,0.1710122786406554,0.2787302252835997,0.010145958371184349,-0.037781602758602435
00-0035710,D.Jones,IND,cov2,Cover-2,179,599,0.04934376227631197,0.004608780445518057,-0.030379031443727108,0.08251658458939634,0.13519594923479228,0.017444655680418097,-0.037781602758602435
00-0035993,T.Huntley,BAL,cov2,Cover-2,47,176,-0.03792376727913262,-0.17396387187920556,-0.14647801463350396,0.17382170735867536,0.2605919383159392,0.01169822703617288,-0.037781602758602435
00-0036212,T.Tagovailoa,MIA,cov2,Cover-2,231,604,-0.06707329522549829,0.12917140633055485,0.07698444756359597,-0.1584630987974507,0.12278140141469085,-0.0388715189147448,-0.037781602758602435
00-0036264,J.Love,GB,cov2,Cover-2,171,732,0.06916718514139449,0.19566265160958232,0.15646366164190798,-0.0887138637095854,0.13480440597847407,-0.018840743711594818,-0.037781602758602435
00-0036355,J.Herbert,LAC,cov2,Cover-2,205,905,0.14212726944466939,0.016981601480563584,0.012630629337060327,0.16292727072270824,0.12276486111606923,0.03997472269210493,-0.037781602758602435
00-0036389,J.Hurts,PHI,cov2,Cover-2,171,714,-0.059717941135991534,0.06516272670782369,0.022290808309756945,-0.08709906508521278,0.1351258011438078,-0.018428505036801407,-0.037781602758602435
00-0036442,J.Burrow,CIN,cov2,Cover-2,219,758,0.07177233164719789,0.13738561767871482,0.11665124328341853,-0.0278316832729145,0.12175994106164537,-0.006913658151097692,-0.037781602758602435
00-0036898,D.Mills,HOU,cov2,Cover-2,59,148,0.09433536560987174,-0.18447181470065574,-0.10500503383920105,0.3165887830691299,0.24436675219602558,0.024008084906922415,-0.037781602758602435
00-0036945,J.Fields,NYJ,cov2,Cover-2,91,318,-0.21940163727831327,-0.05217556354237617,-0.09219874829257788,-0.12944447097733466,0.18868666367727138,-0.015660155505631667,-0.037781602758602435
00-0036971,T.Lawrence,JAX,cov2,Cover-2,187,717,-0.053131980995387094,0.033936164087872187,0.04604855170841982,-0.04928654232465684,0.13032197161876527,-0.011035737744639744,-0.037781602758602435
00-0036972,M.Jones,SF,cov2,Cover-2,153,430,0.05504737580506505,0.06232892359273581,0.06041798566561124,0.030500054970931674,0.1494060354642306,0.0054900217510130645,-0.037781602758602435
00-0037012,T.Lance,LAC,cov2,Cover-2,24,80,-0.6276544975409623,-0.40276741052122633,-0.45466443060270384,-0.1871054842611335,0.3693855165024058,-0.006486346125982773,-0.037781602758602435
00-0037834,B.Purdy,SF,cov2,Cover-2,153,625,0.1907224944902661,0.15007430184024162,0.19534714314281523,0.0784297954086269,0.1431587448351351,0.01513347827318353,-0.037781602758602435
00-0038128,M.Willis,MIA,cov2,Cover-2,18,83,0.13874841284251405,0.43277413825956673,0.1096950147636854,-0.25624412265845026,0.41266648210798557,-0.007166905746500411,-0.037781602758602435
00-0038579,A.O'Connell,LV,cov2,Cover-2,61,216,-0.2023034579664153,0.00010084298839496428,-0.04447194530851271,-0.16462269819620784,0.23012399191191288,-0.013942141849756381,-0.037781602758602435
00-0039150,B.Young,CAR,cov2,Cover-2,192,725,-0.017226535200934662,-0.10469709736170142,-0.04213196546755662,0.1252521649193692,0.12881868389607423,0.028553474221566722,-0.037781602758602435
00-0039163,C.Stroud,HOU,cov2,Cover-2,242,787,-0.0870897630357273,0.017161160084719178,-0.01773877234491432,-0.06646932036184405,0.11666120172928267,-0.017596032183537075,-0.037781602758602435
00-0039164,A.Richardson,IND,cov2,Cover-2,49,229,-0.5271275995636279,-0.045209117958569314,-0.13573259478734842,-0.44413687884645614,0.2498161001511066,-0.03233297667115362,-0.037781602758602435
00-0039376,S.Rattler,NO,cov2,Cover-2,115,407,-0.1518634888069839,-0.26267099189621346,-0.23825937723096172,0.148589105847832,0.16761116098268164,0.022067576652258857,-0.037781602758602435
00-0039732,B.Nix,DEN,cov2,Cover-2,303,926,0.06072736940111932,0.013966786557375578,0.02528124442460944,0.08454218560234618,0.10504199015695502,0.025998581467067256,-0.037781602758602435
00-0039851,D.Maye,NE,cov2,Cover-2,206,708,0.1324226127965841,0.07777851833553652,0.06601808787647355,0.09242569721965002,0.12564252810109489,0.021893306297758,-0.037781602758602435
00-0039910,J.Daniels,WAS,cov2,Cover-2,122,611,-0.09661682333860519,0.07548228265835114,0.03655914259725077,-0.1343175032383539,0.15738570161112742,-0.022182339705193788,-0.037781602758602435
00-0039917,M.Penix,ATL,cov2,Cover-2,94,305,0.08135056790655368,-0.044375407336481106,0.018967302608032418,0.1635075780016372,0.18723473008118785,0.020051311590797642,-0.037781602758602435
00-0039918,C.Williams,CHI,cov2,Cover-2,268,959,-0.1067837103845519,-0.008978332830208392,-0.01653886796660379,-0.060023774795741065,0.10966281461905,-0.017376678618545954,-0.037781602758602435
00-0039923,J.McCarthy,MIN,cov2,Cover-2,79,194,-0.16485453399252828,-0.30928064195391597,-0.26748700631673783,0.18220771071999012,0.21182670975462808,0.01793867444611273,-0.037781602758602435
00-0040398,B.Cook,NYJ,cov2,Cover-2,52,121,-0.5334012348340685,-0.27624780683696076,-0.3535424788360914,-0.21937182523850535,0.26317370960092873,-0.014494554007425593,-0.037781602758602435
00-0040668,S.Sanders,CLE,cov2,Cover-2,59,176,-0.46576800733295554,-0.33666016050143166,-0.3693166699013574,-0.09132624407292145,0.23876210493355352,-0.007228522111630784,-0.037781602758602435
00-0040676,C.Ward,TEN,cov2,Cover-2,161,431,-0.017222624760822744,-0.2007431481632778,-0.15567994634262186,0.2213021261610575,0.14659632657447136,0.04108982846664924,-0.037781602758602435
00-0040691,J.Dart,NYG,cov2,Cover-2,67,308,-0.49059861535214505,0.07148971017019835,-0.0033060163375531835,-0.524306722763741,0.2139521631968928,-0.05069711231455925,-0.037781602758602435
00-0040704,D.Gabriel,CLE,cov2,Cover-2,48,156,-0.12323357245248588,-0.2986551948174076,-0.25737951896683775,0.21320322512352413,0.261966630098002,0.014208422622196097,-0.037781602758602435
00-0040743,T.Shough,NO,cov2,Cover-2,92,264,0.08554991782957601,-0.1787370219334938,-0.08565204940296398,0.30206854252167226,0.19215112409717527,0.03539127564013188,-0.037781602758602435
00-0023459,A.Rodgers,PIT,cov3,Cover-3,234,919,-0.012047891430713373,-0.010048921121800173,-0.025313947197696633,-0.04383650399891295,0.11621515795712324,-0.011670069656586736,0.04183753368999975
00-0026158,J.Flacco,CIN,cov3,Cover-3,129,566,-0.061300680671736676,-0.16575378500439336,-0.14421985936588952,0.06261557064265694,0.15484712242573626,0.010624704384912956,0.04183753368999975
00-0026498,M.Stafford,LA,cov3,Cover-3,278,885,0.28362296936107795,0.09620630358226143,0.12356810630326392,0.1455791320888168,0.10912132522491098,0.04244172490342722,0.04183753368999975
00-0027973,A.Dalton,PHI,cov3,Cover-3,33,179,-0.2540207264865971,-0.16119037291225347,-0.20287899776920812,-0.13466788726434342,0.3006756459268173,-0.006923737512096341,0.04183753368999975
00-0028118,T.Taylor,NYJ,cov3,Cover-3,53,119,0.14684803535629465,-0.13893077087857333,-0.05087102244573612,0.2439412725448682,0.2620997553332606,0.016241475888675565,0.04183753368999975
00-0029263,R.Wilson,NYG,cov3,Cover-3,58,439,0.3022150066055454,-0.15180579235112962,-0.09882147376061223,0.41218326526667526,0.22174086892561773,0.03735407564410116,0.04183753368999975
00-0029604,K.Cousins,LV,cov3,Cover-3,179,580,-0.022035123941121514,-0.006196838675274098,0.0014724098166068935,-0.05767581895584717,0.13570447938629784,-0.012121079079089991,0.04183753368999975
00-0030565,G.Smith,NYJ,cov3,Cover-3,280,851,0.008543257230847024,-0.09371755619800852,-0.059166625561605325,0.06042327973885579,0.10934560059155582,0.017564427183637394,0.04183753368999975
00-0031503,J.Winston,NYG,cov3,Cover-3,75,319,0.0796071960808197,-0.04461107193108933,-0.07929148693324248,0.08238073432190929,0.20367416535367547,0.008702847092747178,0.04183753368999975
00-0032268,M.Mariota,WAS,cov3,Cover-3,83,208,0.00177530150564754,0.06554593519694939,0.052466658112271955,-0.10560816738130159,0.20605805131785873,-0.010926539034779,0.04183753368999975
00-0032950,C.Wentz,MIN,cov3,Cover-3,46,165,0.31953151360006815,-0.027931143501164258,0.06549712922230687,0.30562512341123266,0.26462699630041486,0.019986842756002272,0.04183753368999975
00-0033077,D.Prescott,DAL,cov3,Cover-3,171,766,0.09754960475914938,0.05930102806164873,0.08132589705723499,-0.003588956992499101,0.13423666780807827,-0.0007672899635369711,0.04183753368999975
00-0033106,J.Goff,DET,cov3,Cover-3,320,862,0.024826782935330784,0.27129753849799293,0.19856286983968768,-0.2883082892526619,0.10389482688720385,-0.09001519436937679,0.04183753368999975
00-0033119,J.Brissett,ARI,cov3,Cover-3,186,513,-0.0489069960247775,-0.07735142886772378,-0.06533692827599026,-0.013393100847053467,0.1358429927076619,-0.0028101442490536485,0.04183753368999975
00-0033537,D.Watson,CLE,cov3,Cover-3,32,212,-0.35803197088209465,-0.25688138478666084,-0.1699269803786845,-0.14298811978543358,0.3009995186802111,-0.007336508651568214,0.04183753368999975
00-0033662,C.Rush,ATL,cov3,Cover-3,65,309,-0.5842573785332487,-0.06362537756143231,-0.20710592596450378,-0.5624695346618162,0.21657767673240877,-0.0532005282934874,0.04183753368999975
00-0033873,P.Mahomes,KC,cov3,Cover-3,251,903,0.24897044064812668,0.07764224512859798,0.11704223802151248,0.12949066182952895,0.1132494172922304,0.03579626697106685,0.04183753368999975
00-0034771,M.Rudolph,PIT,cov3,Cover-3,74,217,-0.1857564432289615,-0.027746890833252005,-0.06894509858737281,-0.19984708608570928,0.21365574510249655,-0.019372391814238426,0.04183753368999975
00-0034796,L.Jackson,BAL,cov3,Cover-3,196,636,0.11493566868782386,0.22036767955904202,0.19226023734137554,-0.1472695445612179,0.12966383943806556,-0.03323494517940755,0.04183753368999975
00-0034855,B.Mayfield,TB,cov3,Cover-3,262,933,0.04218848394689888,0.08906647005194497,0.05197610217941573,-0.08871551979504584,0.11097018056319716,-0.025252493693878234,0.04183753368999975
00-0034857,J.Allen,BUF,cov3,Cover-3,194,808,0.16278723048091875,0.16252739799055793,0.15944646269286233,-0.041577701199638925,0.12689401034431363,-0.009700498246795959,0.04183753368999975
00-0034869,S.Darnold,SEA,cov3,Cover-3,265,828,0.01112603445581314,0.09527521802954188,0.0640774720987823,-0.12598671726372848,0.11201747609333897,-0.03538158664516444,0.04183753368999975
00-0035100,J.Browning,CIN,cov3,Cover-3,33,101,-0.40808043876264105,-0.2653086835190594,-0.3004688918999414,-0.18460928893358142,0.3182354452174154,-0.008519856384195688,0.04183753368999975
00-0035228,K.Murray,MIN,cov3,Cover-3,164,583,0.16159382970015262,0.011323966167153133,0.003648393241059592,0.10843232984299973,0.1402871547394883,0.021615456296517444,0.04183753368999975
00-0035289,G.Minshew II,KC,cov3,Cover-3,45,301,-0.05328176585757222,-0.17211743217012276,-0.15666192643583152,0.0769981326225508,0.25366605351537247,0.0054485213152032225,0.04183753368999975
00-0035704,D.Lock,SEA,cov3,Cover-3,28,168,-0.13838915227993534,-0.24860689177920822,-0.12366967859431806,0.06838020580927313,0.323972529464304,0.0030499590283707472,0.04183753368999975
00-0035710,D.Jones,IND,cov3,Cover-3,174,604,0.04784006468232409,0.005412287549007895,-0.030379031443727108,0.0005902434433164433,0.1365559137484178,0.00012282368459714635,0.04183753368999975
00-0035993,T.Huntley,BAL,cov3,Cover-3,52,171,-0.40169290336553354,-0.0673217984669688,-0.14647801463350396,-0.3762086385885645,0.2513428365811409,-0.027079992520498725,0.04183753368999975
00-0036212,T.Tagovailoa,MIA,cov3,Cover-3,214,621,0.03064677140550134,0.09012429814136512,0.07698444756359597,-0.10131506042586352,0.12580687030790916,-0.023951124972392313,0.04183753368999975
00-0036264,J.Love,GB,cov3,Cover-3,196,707,0.2257514191736422,0.15672612656203513,0.15646366164190798,0.02718775892160731,0.12812088802480726,0.006250070679892462,0.04183753368999975
00-0036355,J.Herbert,LAC,cov3,Cover-3,228,882,0.07384704339264694,0.03136883637476617,0.012630629337060327,0.0006406733278810292,0.1179162287427895,0.0001669463805664193,0.04183753368999975
00-0036389,J.Hurts,PHI,cov3,Cover-3,185,700,0.08822369485642834,0.02856147912384616,0.022290808309756945,0.017824682042582432,0.13120505230763527,0.003949440070578625,0.04183753368999975
00-0036442,J.Burrow,CIN,cov3,Cover-3,160,817,0.1823908889459805,0.1109839615665181,0.11665124328341853,0.02956939368946264,0.13721136028050204,0.006106557477920678,0.04183753368999975
00-0036898,D.Mills,HOU,cov3,Cover-3,49,158,0.02732398121884478,-0.14604377901543047,-0.10500503383920105,0.13153022654427549,0.2595209347679755,0.00892025133270036,0.04183753368999975
00-0036945,J.Fields,NYJ,cov3,Cover-3,111,298,-0.14477691086717379,-0.06874879561256994,-0.09219874829257788,-0.1178656489446036,0.17648420386987318,-0.016022051753636864,0.04183753368999975
00-0036971,T.Lawrence,JAX,cov3,Cover-3,264,640,0.06679889911734634,-0.0050599377533007235,0.04604855170841982,0.030021303180647316,0.11609301023693058,0.008004553882839868,0.04183753368999975
00-0036972,M.Jones,SF,cov3,Cover-3,134,449,0.1473406194676561,0.034476709653419674,0.06041798566561124,0.07102637612423666,0.15623290757244415,0.011874596580229942,0.04183753368999975
00-0037834,B.Purdy,SF,cov3,Cover-3,170,608,0.18769314922354827,0.1497847778604581,0.19534714314281523,-0.003929162326909583,0.13769791229299777,-0.0008068867744170098,0.04183753368999975
00-0038128,M.Willis,MIA,cov3,Cover-3,27,74,0.754617705109847,0.2438249576857218,0.1096950147636854,0.4689552137341255,0.35684264724113235,0.017377029097318572,0.04183753368999975
00-0038579,A.O'Connell,LV,cov3,Cover-3,49,228,-0.20933787622292757,-0.009040232085677944,-0.04447194530851271,-0.24213517782724936,0.24991264363249832,-0.017614712397300922,0.04183753368999975
00-0039150,B.Young,CAR,cov3,Cover-3,207,710,-0.19232887796719975,-0.05549410226282062,-0.04213196546755662,-0.1786723093943789,0.12536725832820897,-0.04246478450655219,0.04183753368999975
00-0039163,C.Stroud,HOU,cov3,Cover-3,198,831,0.11893702417526567,-0.03744815939190688,-0.01773877234491432,0.1145476498771728,0.1255129068750677,0.027176205573225778,0.04183753368999975
00-0039164,A.Richardson,IND,cov3,Cover-3,61,217,-0.07122064887116852,-0.14671742308750627,-0.13573259478734842,0.033659240526337994,0.2300071947041262,0.0028533016478760292,0.04183753368999975
00-0039376,S.Rattler,NO,cov3,Cover-3,136,386,-0.40891180917747805,-0.17813313177830314,-0.23825937723096172,-0.27261621108917466,0.15826539009941404,-0.04460472791112401,0.04183753368999975
00-0039732,B.Nix,DEN,cov3,Cover-3,297,932,0.08539877603190722,0.006405794848918987,0.02528124442460944,0.03715544749298849,0.1057556473996296,0.01131924795800862,0.04183753368999975
00-0039851,D.Maye,NE,cov3,Cover-3,196,718,0.2024014191969833,0.05943672848892404,0.06601808787647355,0.10112715701805951,0.12790768763120275,0.02330735149976422,0.04183753368999975
00-0039910,J.Daniels,WAS,cov3,Cover-3,151,582,0.3248770288181323,-0.02529898469861729,0.03655914259725077,0.30833847982674983,0.14494920206263334,0.058311182493499994,0.04183753368999975
00-0039917,M.Penix,ATL,cov3,Cover-3,90,309,0.06394503812857939,-0.03767831484136841,0.018967302608032418,0.059785819279948055,0.19010772336942353,0.007138005810390349,0.04183753368999975
00-0039918,C.Williams,CHI,cov3,Cover-3,321,906,0.04551407199175511,-0.05721663650836992,-0.01653886796660379,0.06089317481012528,0.10309069652256339,0.01921577026074806,0.04183753368999975
00-0039923,J.McCarthy,MIN,cov3,Cover-3,74,199,-0.061325210765089046,-0.3441501865721248,-0.26748700631673783,0.240987442117036,0.2160989879808094,0.022885010761450057,0.04183753368999975
00-0040398,B.Cook,NYJ,cov3,Cover-3,62,111,-0.0067573639702610076,-0.5472422727251137,-0.3535424788360914,0.4986473750648529,0.2516399122119154,0.03581467887746818,0.04183753368999975
00-0040668,S.Sanders,CLE,cov3,Cover-3,77,158,-0.4242607899849545,-0.34217987248135984,-0.3693166699013574,-0.12391845119359439,0.22058391103311636,-0.011337405803913594,0.04183753368999975
00-0040676,C.Ward,TEN,cov3,Cover-3,175,417,-0.1461536238251955,-0.15279677524090166,-0.15567994634262186,-0.0351943822742936,0.14295113539636628,-0.00680687936064661,0.04183753368999975
00-0040691,J.Dart,NYG,cov3,Cover-3,114,261,0.2796202924503443,-0.16370877331613745,-0.0033060163375531835,0.401491532076482,0.1781791004786994,0.05368150188602474,0.04183753368999975
00-0040704,D.Gabriel,CLE,cov3,Cover-3,52,152,-0.5361975753907142,-0.16199439440077476,-0.25737951896683775,-0.4160407146799392,0.25497959414000804,-0.029158426045012287,0.04183753368999975
00-0040743,T.Shough,NO,cov3,Cover-3,108,248,-0.25287671307319864,-0.0484084529766771,-0.08565204940296398,-0.2463057937865213,0.18297893200335275,-0.03144496715668808,0.04183753368999975
00-0023459,A.Rodgers,PIT,cov4,Cover-4,69,1084,-0.14062898220711093,-0.0021686027061168203,-0.025313947197696633,-0.20143764001621567,0.1970558238914997,-0.022570819037415063,0.06297726051522158
00-0026158,J.Flacco,CIN,cov4,Cover-4,58,637,-0.10433878456150879,-0.15019274821754028,-0.14421985936588952,-0.01712329685919009,0.21768198895471058,-0.0016047324315571216,0.06297726051522158
00-0026498,M.Stafford,LA,cov4,Cover-4,90,1073,0.21334731742313598,0.1349380294357864,0.12356810630326392,0.015432027472128004,0.17417368857699878,0.002145984727605884,0.06297726051522158
00-0029263,R.Wilson,NYG,cov4,Cover-4,54,443,0.05981540124691219,-0.11815870005949783,-0.09882147376061223,0.11499684079118842,0.2287669378159344,0.00984522224142231,0.06297726051522158
00-0029604,K.Cousins,LV,cov4,Cover-4,54,705,0.10941571594806722,-0.01907362025292959,0.0014724098166068935,0.06551207568577523,0.2241007227170458,0.005823704049934593,0.06297726051522158
00-0030565,G.Smith,NYJ,cov4,Cover-4,101,1030,0.12538837805379108,-0.08740364512941844,-0.059166625561605325,0.14981476266798793,0.16548773458359828,0.02273703804339681,0.06297726051522158
00-0031503,J.Winston,NYG,cov4,Cover-4,24,370,-0.07761459999299976,-0.0172909238922271,-0.07929148693324248,-0.12330093661599424,0.3343146710766173,-0.005178655644848777,0.06297726051522158
00-0032268,M.Mariota,WAS,cov4,Cover-4,25,266,0.20057837891276065,0.032956560425245134,0.052466658112271955,0.10464455797229393,0.3320087116655145,0.004453741798863508,0.06297726051522158
00-0032950,C.Wentz,MIN,cov4,Cover-4,33,178,-0.06197383825215646,0.06817386297883259,0.06549712922230687,-0.19312496174621063,0.3008070870971879,-0.00992098619766561,0.06297726051522158
00-0033077,D.Prescott,DAL,cov4,Cover-4,116,821,0.15861801472505013,0.05323493325326633,0.08132589705723499,0.042405820956562215,0.15742838124711125,0.007000089481196136,0.06297726051522158
00-0033106,J.Goff,DET,cov4,Cover-4,77,1105,0.4303132779663692,0.18884065730422203,0.19856286983968768,0.17849536014692557,0.18706651014578055,0.02192384601000758,0.06297726051522158
00-0033119,J.Brissett,ARI,cov4,Cover-4,66,633,-0.17564163583161388,-0.05874508105033871,-0.06533692827599026,-0.17987381529649676,0.20529509477940916,-0.01873443591911437,0.06297726051522158
00-0033662,C.Rush,ATL,cov4,Cover-4,20,354,0.09740817170545546,-0.1683195895628612,-0.20710592596450378,0.2027505007530951,0.364781646983715,0.007200904383532393,0.06297726051522158
00-0033873,P.Mahomes,KC,cov4,Cover-4,115,1039,0.16316812045129264,0.1095651531298413,0.11704223802151248,-0.009374293193770242,0.15597680426274851,-0.0015715354055169752,0.06297726051522158
00-0034771,M.Rudolph,PIT,cov4,Cover-4,19,272,0.0613035235441953,-0.07695521712168585,-0.06894509858737281,0.07528148015065957,0.376616245518351,0.0025138323877867,0.06297726051522158
00-0034796,L.Jackson,BAL,cov4,Cover-4,72,760,0.35787911185992627,0.18014992001111776,0.19226023734137554,0.11475193133358692,0.19570522753544806,0.0130156825469047,0.06297726051522158
00-0034855,B.Mayfield,TB,cov4,Cover-4,90,1105,-0.14005382807409533,0.09661289038843505,0.05197610217941573,-0.29964397897775197,0.17397841361064428,-0.04174917841756305,0.06297726051522158
00-0034857,J.Allen,BUF,cov4,Cover-4,60,942,0.2494408509522651,0.15704502041670185,0.15944646269286233,0.029418570020341664,0.2113229145233197,0.002908769792973077,0.06297726051522158
00-0034869,S.Darnold,SEA,cov4,Cover-4,99,994,0.16090396940168095,0.06630461437473315,0.0640774720987823,0.03162209451172622,0.16726809047942343,0.004712737059746664,0.06297726051522158
00-0035228,K.Murray,MIN,cov4,Cover-4,49,698,0.19714110534281581,0.03358645585168673,0.003648393241059592,0.1005773889759075,0.23455697776064693,0.008225201610536354,0.06297726051522158
00-0035289,G.Minshew II,KC,cov4,Cover-4,21,325,0.10297251071779134,-0.17343830545191177,-0.15666192643583152,0.21343355565448152,0.35735554811769166,0.007886884302464078,0.06297726051522158
00-0035710,D.Jones,IND,cov4,Cover-4,56,722,0.3325036583643273,-0.009732703509802175,-0.030379031443727108,0.2792591013589079,0.2201613064989306,0.02563882209653222,0.06297726051522158
00-0036212,T.Tagovailoa,MIA,cov4,Cover-4,101,734,0.2984902575919674,0.044111828623673466,0.07698444756359597,0.19140116845307237,0.16844120067350574,0.02818746624587422,0.06297726051522158
00-0036264,J.Love,GB,cov4,Cover-4,71,832,0.14588424205939537,0.17391210150381686,0.15646366164190798,-0.09100511995964307,0.1962306512695733,-0.0102732404463191,0.06297726051522158
00-0036355,J.Herbert,LAC,cov4,Cover-4,77,1033,-0.12490786359454267,0.05239336405890325,0.012630629337060327,-0.24027848816866748,0.18749071860919977,-0.02939533532450745,0.06297726051522158
00-0036389,J.Hurts,PHI,cov4,Cover-4,79,806,-0.09048465945087872,0.05392395413368608,0.022290808309756945,-0.20738587409978637,0.18711317857286705,-0.025461203318705845,0.06297726051522158
00-0036442,J.Burrow,CIN,cov4,Cover-4,69,908,0.1278033958599519,0.12228855123002806,0.11665124328341853,-0.05746241588529774,0.19819542248393685,-0.006372945976558263,0.06297726051522158
00-0036945,J.Fields,NYJ,cov4,Cover-4,22,387,0.36826236460242484,-0.1153983209820555,-0.09219874829257788,0.42068342506925877,0.3478633209013958,0.01637174930516817,0.06297726051522158
00-0036971,T.Lawrence,JAX,cov4,Cover-4,88,816,0.22701552346175402,-0.006839236347754148,0.04604855170841982,0.17087749929428658,0.17807854860325026,0.02286956311289705,0.06297726051522158
00-0036972,M.Jones,SF,cov4,Cover-4,47,536,0.07515473500213828,0.05912577070513219,0.06041798566561124,-0.046948296218215495,0.24144419108060144,-0.0036402495266262347,0.06297726051522158
00-0037012,T.Lance,LAC,cov4,Cover-4,20,84,-0.4583836501386431,-0.45377890214176586,-0.45466443060270384,-0.06758200851209879,0.39488972753958124,-0.002058916760654033,0.06297726051522158
00-0037834,B.Purdy,SF,cov4,Cover-4,38,740,0.4443570019533809,0.14336677599045036,0.19534714314281523,0.238012965447709,0.2639951497701269,0.015634934449082562,0.06297726051522158
00-0039150,B.Young,CAR,cov4,Cover-4,95,822,0.08265634935056593,-0.10591878775439993,-0.04213196546755662,0.1255978765897443,0.17198903668314255,0.017848767766153434,0.06297726051522158
00-0039163,C.Stroud,HOU,cov4,Cover-4,104,925,-0.011115641943231695,-0.006933905844190179,-0.01773877234491432,-0.0671589966142631,0.1641473814032914,-0.010333982352038557,0.06297726051522158
00-0039164,A.Richardson,IND,cov4,Cover-4,21,257,0.37232068332223417,-0.17120962934201192,-0.13573259478734842,0.48055305214902455,0.36021350939654156,0.017487144358486494,0.06297726051522158
00-0039376,S.Rattler,NO,cov4,Cover-4,51,471,-0.16541256087774042,-0.24614724906538696,-0.23825937723096172,0.017757427672424955,0.23396641334418736,0.0014589366756968512,0.06297726051522158
00-0039732,B.Nix,DEN,cov4,Cover-4,87,1142,-0.023659208473787822,0.029239919805506553,0.02528124442460944,-0.11587638879451595,0.17652128113635981,-0.015745924617170618,0.06297726051522158
00-0039851,D.Maye,NE,cov4,Cover-4,71,843,0.15567017281613493,0.08457137241721306,0.06601808787647355,0.00812153988370029,0.19612996181346715,0.0009176466062499255,0.06297726051522158
00-0039910,J.Daniels,WAS,cov4,Cover-4,50,683,0.4035958554897336,0.020721273034342652,0.03655914259725077,0.3198973219401694,0.2325254218200616,0.02658212876656418,0.06297726051522158
00-0039917,M.Penix,ATL,cov4,Cover-4,35,364,0.21608206663888643,-0.03695169831530692,0.018967302608032418,0.19005650443897176,0.2808765883931075,0.011114195553699148,0.06297726051522158
00-0039918,C.Williams,CHI,cov4,Cover-4,94,1133,0.16461742878339763,-0.04651570509520665,-0.01653886796660379,0.1481558733633827,0.17035591096941513,0.02140151706217835,0.06297726051522158
00-0040668,S.Sanders,CLE,cov4,Cover-4,23,212,-0.29956985177008805,-0.37661506646313364,-0.3693166699013574,0.014067954177824013,0.3484302802584229,0.0005457717960165024,0.06297726051522158
00-0040676,C.Ward,TEN,cov4,Cover-4,39,553,-0.6166573071144942,-0.11798102073670873,-0.15567994634262186,-0.5616535468930071,0.26295400616539477,-0.0371680662509855,0.06297726051522158
00-0040691,J.Dart,NYG,cov4,Cover-4,31,344,-0.45415991368540287,0.009382793104868791,-0.0033060163375531835,-0.5265199673054932,0.29762497589734804,-0.027598743638358916,0.06297726051522158
00-0040704,D.Gabriel,CLE,cov4,Cover-4,19,185,0.029490172797131543,-0.28684181163448863,-0.25737951896683775,0.2533547239163986,0.38235451828619865,0.008216276718569991,0.06297726051522158
00-0040743,T.Shough,NO,cov4,Cover-4,65,291,-0.06762498080746572,-0.12000122885785604,-0.08565204940296398,-0.010601012464831264,0.21773870406049584,-0.0009930189033022902,0.06297726051522158
