game_id,home_team,away_team,kickoff_utc,built_at_utc,home_QB,away_QB,home_QB_src,away_QB_src,QB,O-line,Skill,Front,Coverage,context,fair_at_market_weights,fair_home_spread,market_home_spread,market_books,market_captured_utc,edge_vs_market,market_minus_mkt_weighted
2026_05_IND_PIT,PIT,IND,2026-10-11 17:00:00,2026-10-07 03:39:08.093283+00:00,A.Rodgers,D.Jones,last starter,last starter,2.0609279320211993,1.133441921085371,0.48573004031529143,0.24009898782258418,0.7329822553751422,2.227992612138021,6.908557571866155,6.881173748757609,2.5,9,2026-10-07 03:39:08.301445+00:00,4.381173748757609,-4.408557571866155
2026_05_SF_SEA,SEA,SF,2026-10-11 20:25:00,2026-10-07 03:39:08.093283+00:00,S.Darnold,B.Purdy,last starter,last starter,-3.8232883446046277,0.10713470841771588,0.6065762582376051,3.1226249085448776,3.1390943623889687,1.6706921698412132,4.267592701820529,4.822834062825753,3.0,9,2026-10-07 03:39:08.301445+00:00,1.8228340628257529,-1.2675927018205293
2026_05_PHI_JAX,JAX,PHI,2026-10-11 13:30:00,2026-10-07 03:39:08.093283+00:00,T.Lawrence,J.Hurts,last starter,last starter,-0.4366570100659272,0.5147265786855568,0.07103756125863675,0.8831958459372873,1.494380558451641,1.6706921698412132,3.5029584872701416,4.197375704108408,7.5,9,2026-10-07 03:39:08.301445+00:00,-3.302624295891592,3.9970415127298584
2026_05_TB_DAL,DAL,TB,2026-10-09 00:15:00,2026-10-07 03:39:08.093283+00:00,D.Prescott,J.Daniels,last starter,last starter,4.731377881161804,2.2853053036509436,-0.6941796168938382,-2.049558133704825,-2.37803705628766,1.6706921698412132,3.594822572252865,3.5656005477676374,8.5,9,2026-10-07 03:39:08.301445+00:00,-4.934399452232363,4.905177427747136
2026_05_LV_NE,NE,LV,2026-10-11 17:00:00,2026-10-07 03:39:08.093283+00:00,D.Maye,K.Cousins,last starter,last starter,0.009868845372345579,0.8866743376876433,0.14974582463097968,-0.13931413317062558,0.8499628321178476,1.6706921698412132,3.3224772248667613,3.4276298764794038,3.5,9,2026-10-07 03:39:08.301445+00:00,-0.07237012352059624,0.17752277513323866
2026_05_CHI_GB,GB,CHI,2026-10-11 17:00:00,2026-10-07 03:39:08.093283+00:00,J.Love,T.Bagent,last starter,last starter,3.694359568050244,-1.0152474686527457,-1.4458104761024695,0.48334457513497187,-1.5985356085884677,1.6706921698412132,2.118055245484135,1.788802759682746,-3.0,9,2026-10-07 03:39:08.301445+00:00,4.788802759682746,-5.118055245484134
2026_05_BAL_ATL,ATL,BAL,2026-10-12 00:20:00,2026-10-07 03:39:08.093283+00:00,M.Penix,L.Jackson,last starter,last starter,-1.767594580663401,0.6154376536702508,-0.6233095293352858,1.192631084292529,0.5122085335415223,1.4849253557422772,0.9384591495600312,1.4142985172478924,3.5,9,2026-10-07 03:39:08.301445+00:00,-2.085701482752108,2.561540850439969
2026_05_BUF_LA,LA,BUF,2026-10-13 00:15:00,2026-10-07 03:39:08.093283+00:00,M.Stafford,J.Allen,last starter,last starter,-0.5113251904047389,-0.6168117159393385,-2.138270599100707,1.7820943404151988,-0.03609544946115076,1.6706921698412132,0.045556876838340976,0.15028355535047644,3.0,9,2026-10-07 03:39:08.301445+00:00,-2.8497164446495233,2.954443123161659
2026_05_NYG_WAS,WAS,NYG,2026-10-11 17:00:00,2026-10-07 03:39:08.093283+00:00,A.Kaliakmanis,J.Winston,last starter,last starter,-3.340908304525353,1.8597935366393699,-0.16453305375408664,0.49575135151565264,-0.9777747107641942,1.6706921698412132,-1.1826422252726494,-0.45697901104739835,3.5,9,2026-10-07 03:39:08.301445+00:00,-3.956979011047398,4.68264222527265
2026_05_DEN_LAC,LAC,DEN,2026-10-11 20:05:00,2026-10-07 03:39:08.093283+00:00,J.Herbert,B.Nix,last starter,last starter,0.31499366573085286,-2.2258989972906815,-0.997031554381306,0.5906909839757527,-0.440289233898893,1.6706921698412132,0.11160864961256634,-1.0868429660230616,-3.5,9,2026-10-07 03:39:08.301445+00:00,2.4131570339769386,-3.6116086496125663
2026_05_MIN_NO,NO,MIN,2026-10-11 17:00:00,2026-10-07 03:39:08.093283+00:00,T.Shough,K.Murray,last starter,last starter,-0.8365207212507431,2.194135191586869,-1.4331806367012647,-0.9576865283864868,-2.9591545760674687,1.4849253557422772,-3.298432920794575,-2.5074819150768173,-2.0,9,2026-10-07 03:39:08.301445+00:00,-0.5074819150768173,1.2984329207945748
2026_05_DET_ARI,ARI,DET,2026-10-11 20:25:00,2026-10-07 03:39:08.093283+00:00,J.Brissett,J.Goff,last starter,last starter,-2.2547818926063012,-1.616252213753746,-0.8955060933958824,1.2579953903015726,-1.4340425388685687,1.6706921698412132,-3.707636101722541,-3.2718951784817127,-5.0,9,2026-10-07 03:39:08.301445+00:00,1.7281048215182873,-1.292363898277459
2026_05_CLE_NYJ,NYJ,CLE,2026-10-11 17:00:00,2026-10-07 03:39:08.093283+00:00,G.Smith,D.Watson,last starter,last starter,-0.8923352139205105,0.6578272008501335,-1.3616620128112602,-0.21313659109277122,-2.635323303051433,1.1133917275444052,-4.204462162019996,-3.331238192481436,2.0,9,2026-10-07 03:39:08.301445+00:00,-5.331238192481436,6.204462162019996
2026_05_CIN_MIA,MIA,CIN,2026-10-11 17:00:00,2026-10-07 03:39:08.093283+00:00,M.Willis,J.Burrow,last starter,last starter,-3.8119962242690977,-1.6369077844869393,1.2809758264997315,0.24500058542313785,-1.6048086359258602,1.6706921698412132,-4.5662182279776875,-3.857044062917814,-7.0,9,2026-10-07 03:39:08.301445+00:00,3.142955937082186,-2.4337817720223125
2026_05_HOU_TEN,TEN,HOU,2026-10-11 17:00:00,2026-10-07 03:39:08.093283+00:00,C.Ward,C.Stroud,last starter,last starter,-3.095000349720171,-1.029390968677482,0.8818482672387904,-1.5785378308664892,-2.564115631009663,1.6706921698412132,-6.843328678604864,-5.714504343193801,-7.5,9,2026-10-07 03:39:08.301445+00:00,1.7854956568061988,-0.6566713213951356
