,QB,O-line,Skill,Front,Coverage,total
KC,2.2491317709603367,1.296180489670541,1.5711528777412322,0.48739558903418423,0.294526589989335,5.898387317395629
SEA,-0.7831586525509848,0.8573745740930252,0.15998584773002225,2.6008842648265738,2.5657938950969568,5.400879929195593
BUF,1.5467824159069783,1.8561515959812593,2.1304875775404537,-1.1321022974183006,0.9163869681685198,5.317706260178911
BAL,1.9258125979108496,0.510381264751493,1.2406706984539804,0.25053039573544716,0.06287506114122784,3.990270017992998
ATL,0.15821690551602283,1.0614324140530162,0.6173580412056313,1.4431503726933985,0.5750795476455838,3.8552372811136526
LA,1.0354569588579934,1.2926100076684983,-0.007793525136574282,0.6499754458124473,0.8802918039029798,3.8505406911053446
JAX,-0.17945396505943192,0.32447514812202033,-0.6312813101558928,0.97474192152453,2.2055294317458216,2.694011226177047
PIT,0.6763684997025142,1.8679017027651843,-0.0025100236034907367,-0.24516086887904673,0.3086514701415095,2.6052507801266707
SF,3.0401324435113284,0.9993680025998073,-0.44659348808176347,-0.5217115617665783,-0.5732756648322291,2.497919731430565
NE,1.0021740815365,-0.1954845134751897,-0.03971375742645079,0.05269882096600748,0.6750666383461901,1.494741269947057
DEN,0.09659645445334272,0.4345292307140329,0.23683651302635028,-0.5837857202005887,1.1284018051450166,1.3125782831381538
MIN,0.6461832196703808,-2.5374603127222044,0.4056055491353131,0.5761131100941487,2.198054017068858,1.2884955832464962
GB,1.3454597289958536,-0.022714569421337358,-0.036865374568068106,0.04885502419929577,-0.10715143074930061,1.2275833784564434
CHI,-2.348902546230753,1.001543505918014,1.408952613531342,-0.4344850494012258,1.4913715475673224,1.1184800713846996
DET,1.1293903505738083,0.5704109181429172,0.2305697442843777,-0.47913217955740817,-0.5191103529379174,0.9321284805057778
HOU,0.22506900185664194,0.4799462397297916,-1.1434850213274326,0.5696147146618935,0.6186201538613615,0.749765088782256
CIN,1.4625716156558382,0.39568286356068455,-0.20880819472621173,-0.2890179003231147,-0.7600614923211363,0.6003668918460602
CLE,0.7904022420693337,-1.967573657721098,0.7533718340624608,-0.15235964820002354,0.8950429337756011,0.31888370398627397
PHI,0.25720303777507647,-0.19790788326758718,-0.7023195662277458,0.09155430105770683,0.7111606806212063,0.1596905699586565
LV,0.9923053675814572,-1.1074854284242688,-0.1894602325203248,0.19201165666190773,-0.17488947808664576,-0.2875181147878745
DAL,1.542713322195523,1.1616546706962891,-0.06995098654242768,-0.9948541760496046,-2.618847178049355,-0.9792843477495754
LAC,0.41159017084424676,-1.9045782172165475,-0.7602001462124107,0.0068997624910892424,0.6881160500380158,-1.5581723800556064
IND,-1.3845605957225426,0.7671891256472607,-0.48824188985330147,-0.48525762058702293,-0.4243249938298673,-2.0151959743454735
NO,-0.19033837264039824,-0.30600476896800677,-1.0275817142428356,-0.3815644990675826,-0.7610771782703208,-2.666566533189144
TB,-3.1886687692797873,-1.175085997598812,0.6242322198355904,1.0546848694994386,-0.24082891099248607,-2.925666588536056
ARI,-1.1253929902389863,-1.1515024850384181,-0.6649408151377314,0.7788514946520039,-1.953141561219288,-4.11612635698242
CAR,-1.8244602906422485,0.10028973559243466,-1.2394362106570587,-0.49004546587078535,-0.7510556010060577,-4.204707832583716
NYG,-0.42320820849543606,-1.4639230794981686,-0.8788765891829936,-1.3329046126332698,-0.15142277673086665,-4.250335266540734
NYJ,-0.10193377743071788,-1.5146110910273565,-0.6082964955482904,-0.36549425428715543,-1.740259547187455,-4.330595165480975
MIA,-2.349428459965975,-1.3037663743234833,1.072174423311213,-0.044019596664648136,-2.3648574484110134,-4.989897456053907
WAS,-3.764120378922218,0.34425307444178954,-1.0434105705402341,-0.8371578782001342,-1.1291897619490465,-6.429625515169843
TEN,-2.8699331783945463,-0.47327618544558153,-0.26163202816672937,-1.0089084148035825,-1.9454752176825214,-6.55922502449296
