name,team,status,pts_vs_avg_starter,rating,recent_rating,epa_per_db,dropbacks,games,confidence,last_game
B.Purdy,SF,starter,2.3804325531767545,0.22528622842829552,0.21544920414965404,0.2472012311936939,1542,51,0.9113475177304965,2026-10-04 20:25:00+00:00
P.Mahomes,KC,starter,1.9031869732478892,0.1922338680564945,0.11951143101077921,0.19880372000647725,4389,113,0.9669530733641771,2026-10-04 20:25:00+00:00
L.Jackson,BAL,starter,1.4812055661414125,0.16300891108578386,0.15282851662979965,0.17108932637423976,3026,104,0.9527707808564232,2026-10-04 17:00:00+00:00
J.Allen,BUF,starter,1.3871918698333467,0.15649785115994355,0.15325307177813055,0.16221084158924304,4109,118,0.9647804648978634,2026-10-04 17:00:00+00:00
D.Prescott,DAL,starter,1.3446947248499679,0.15355464747228934,0.15073816812954374,0.15991038619216885,3624,95,0.9602543720190779,2026-10-04 17:00:00+00:00
J.Garoppolo,LA,seasoned backup,1.1673750886942564,0.1412741093977643,0.03165454672821044,0.1538280883134424,1688,56,0.9183895538628944,2025-01-05 21:25:00+00:00
J.Love,GB,starter,1.1078168627899432,0.13714931489262103,0.12158621127534387,0.14883817695733306,1760,59,0.9214659685863874,2026-10-04 17:00:00+00:00
J.Goff,DET,starter,0.9601126998149766,0.12691984095219921,0.17720727619423465,0.1312973935258552,4349,117,0.9666592576128028,2026-10-05 00:20:00+00:00
J.Burrow,CIN,starter,0.9216106800144126,0.12425332566738474,0.10576554262394737,0.13009962392651514,3188,81,0.9550629119233074,2026-10-04 17:00:00+00:00
M.Stafford,LA,starter,0.8776084264570356,0.12120588342189226,0.125138894475071,0.1260984782855316,3716,102,0.9612002069322297,2026-10-04 17:00:00+00:00
T.Tagovailoa,MIA,seasoned backup,0.8475137854241488,0.1191216337975642,0.08761831395001783,0.12608781121262644,2565,78,0.9447513812154696,2025-12-16 01:15:00+00:00
P.Rivers,IND,seasoned backup,0.766785784903151,0.1135306947139321,-0.019210360536322694,0.12682468706919348,1281,35,0.8951781970649895,2025-12-28 18:00:00+00:00
D.Maye,NE,starter,0.7152778312320275,0.10996343391917364,0.11113651573299309,0.12579310290945775,1042,34,0.8741610738255033,2026-10-04 17:00:00+00:00
A.Rodgers,PIT,starter,0.6231008749628412,0.10357958018701545,0.009151853173483958,0.1078906059994606,3604,103,0.960042621204049,2026-10-02 00:15:00+00:00
J.Johnson,WAS,limited sample,0.5417760549179063,0.09794730746969095,0.016663929372849644,0.19721822720248583,148,10,0.4966442953020134,2026-01-04 21:25:00+00:00
K.Cousins,LV,starter,0.5048252846503917,0.09538822630422565,0.057531196198159856,0.09942439949058217,3545,100,0.959404600811908,2026-10-04 20:25:00+00:00
D.Carr,NO,seasoned backup,0.43250411825751556,0.09037951516124845,0.056239004029854746,0.09468330159749838,3150,91,0.9545454545454546,2024-12-08 18:00:00+00:00
J.Herbert,LAC,starter,0.3429355380798391,0.08417630843806753,0.02136764961105059,0.08749993209316365,3799,99,0.96201570017726,2026-10-04 20:25:00+00:00
J.Hurts,PHI,starter,0.20725758131639557,0.0747797274951421,0.04382714235390682,0.07892647763350487,2705,91,0.9474605954465849,2026-10-04 17:00:00+00:00
T.Bridgewater,TB,seasoned backup,0.13767833284313852,0.0699609120012826,-0.023590105865919683,0.0780644925419717,1295,42,0.8961937716262975,2025-11-24 01:20:00+00:00
M.Penix,ATL,starter,0.09303442369872963,0.06686903093311873,0.07155886640143214,0.0893586153276654,446,16,0.7483221476510067,2026-10-06 00:15:00+00:00
J.Daniels,WAS,seasoned backup,0.0779018791664772,0.0658210038035707,0.036915332707900234,0.0783822640714277,786,26,0.8397435897435898,2026-09-20 20:25:00+00:00
B.Nix,DEN,starter,0.028430109260062505,0.06239476197767183,0.05468721827346448,0.069221322369102,1371,38,0.9013806706114399,2026-10-04 20:25:00+00:00
D.Watson,CLE,starter,-0.028430109260062505,0.05845682203147757,0.0003536876332212612,0.06310855853265615,1885,54,0.9262899262899262,2026-10-02 00:15:00+00:00
C.Stroud,HOU,starter,-0.06770066575535844,0.05573708058206035,0.049409675843540675,0.06059222697422589,1722,50,0.9198717948717948,2026-10-04 17:00:00+00:00
N.Mullens,JAX,seasoned backup,-0.10104565098526576,0.053427723482146396,0.031545924891976385,0.06761207484908792,565,24,0.7902097902097902,2026-01-04 18:00:00+00:00
J.Dart,NYG,seasoned backup,-0.23933185969722998,0.043850504127953105,0.05762592015962286,0.05985433775129365,411,14,0.732620320855615,2026-09-22 00:15:00+00:00
B.Mayfield,TB,seasoned backup,-0.29900106325927883,0.03971802369822308,0.007588458288992736,0.041273966125680246,3829,112,0.962302085951244,2026-09-27 20:05:00+00:00
K.Murray,MIN,starter,-0.345903196837914,0.036469745900703274,0.004906781561822173,0.03817181867142682,3214,90,0.955410225921522,2026-10-04 20:05:00+00:00
T.Lawrence,JAX,starter,-0.392038523447738,0.03327457447301623,0.07470089781340361,0.03501366373118781,2870,81,0.9503311258278145,2026-10-04 17:00:00+00:00
M.Mariota,WAS,seasoned backup,-0.4306755949147555,0.030598705981936144,0.03950179837490263,0.03564799739809722,909,41,0.8583569405099151,2026-10-04 13:30:00+00:00
R.Wilson,NYG,seasoned backup,-0.4590632948038642,0.028632673133604243,-0.028296115308311914,0.030004845967483044,3130,93,0.9542682926829268,2025-11-09 18:00:00+00:00
J.Winston,NYG,starter,-0.660132509760074,0.01470732226205014,-0.045306071880804495,0.016162532248400748,1516,47,0.9099639855942377,2026-10-04 17:00:00+00:00
T.Shough,NO,starter,-0.6785491969030374,0.013431846896946348,0.01720472432047364,0.01710844732494261,548,15,0.7851002865329513,2026-10-06 00:15:00+00:00
M.Trubisky,BUF,seasoned backup,-0.6797286403917577,0.01335016276435958,0.07528543761315552,0.014959909078390076,1244,48,0.8923959827833573,2026-01-04 21:25:00+00:00
G.Smith,NYJ,starter,-0.7216779089912312,0.010444903079628847,-0.009744122051551441,0.011066130463429136,2522,73,0.9438622754491018,2026-10-04 17:00:00+00:00
C.Williams,CHI,seasoned backup,-0.7514452707945518,0.008383319670542505,0.0402588427080465,0.009358124283396285,1290,36,0.8958333333333334,2026-09-20 17:00:00+00:00
M.Jones,SF,seasoned backup,-0.803889889030001,0.004751188762723588,0.03310301699854054,0.005111309184354987,1979,60,0.9295443870361673,2025-11-09 21:25:00+00:00
M.Rudolph,PIT,seasoned backup,-0.9120373888085336,-0.002738728978415311,0.010899840302680517,-0.003270177033735229,773,32,0.8374864572047671,2026-09-20 17:00:00+00:00
T.Hill,NO,seasoned backup,-0.9242990204780426,-0.0035879267200629285,-0.0038030572984351905,-0.005233764665045923,327,53,0.6855345911949685,2025-12-21 18:00:00+00:00
S.Darnold,SEA,starter,-1.0053215207566266,-0.009199261827307435,0.06576921935412064,-0.00971395383554918,2681,86,0.9470151889791593,2026-10-04 20:25:00+00:00
J.Brissett,ARI,starter,-1.0792974635432762,-0.014322576998068196,-0.022465590689202584,-0.015393023709433533,2007,66,0.9304589707927677,2026-10-04 17:00:00+00:00
G.Minshew,KC,seasoned backup,-1.0797681683640823,-0.014355176368330247,-0.04484033814879797,-0.01549810442313361,1884,58,0.9262536873156342,2025-12-21 18:00:00+00:00
T.Taylor,NYJ,seasoned backup,-1.17550029733496,-0.020985248932599586,-0.016520406222641473,-0.026450157508797395,576,29,0.7933884297520661,2025-12-07 18:00:00+00:00
C.Wentz,MIN,seasoned backup,-1.1912367056835007,-0.022075097558900778,0.01162361896860188,-0.023526133770046757,2282,63,0.9383223684210527,2026-09-20 17:00:00+00:00
J.Daniels,TB,starter,-1.2496525306290414,-0.02612077336757739,-0.026052864491955756,-0.14485156140202007,33,2,0.18032786885245902,2026-10-04 17:00:00+00:00
A.O'Connell,LV,seasoned backup,-1.253439288140296,-0.026383030953957283,-0.017082831804525453,-0.032528146859382115,644,21,0.8110831234256927,2026-01-04 21:25:00+00:00
J.Browning,CIN,seasoned backup,-1.2657734153475138,-0.027237249483095582,-0.0608411468914109,-0.037400402275295425,402,14,0.7282608695652174,2025-11-23 18:00:00+00:00
M.Willis,MIA,starter,-1.294853734557342,-0.02925125072412023,0.0001711380079101765,-0.044124768041469496,295,21,0.6629213483146067,2026-10-04 20:05:00+00:00
A.Dalton,PHI,seasoned backup,-1.3292892941230023,-0.03163613718978108,-0.04927018416476961,-0.03419845931638322,1852,57,0.9250749250749251,2026-09-29 00:15:00+00:00
D.Jones,IND,starter,-1.3804707126475648,-0.03518078330188537,-0.012468905857149295,-0.036938650555477244,3002,87,0.9524111675126904,2026-10-04 13:30:00+00:00
M.White,BUF,seasoned backup,-1.4651001028138937,-0.0410419189927391,-0.02144079312665716,-0.05925578836821503,338,13,0.6926229508196722,2025-01-05 18:00:00+00:00
T.Heinicke,LAC,seasoned backup,-1.4714240446188955,-0.04147989309307623,-0.017918709689345495,-0.047841839886492835,978,34,0.8670212765957447,2024-12-28 18:00:00+00:00
D.Lock,SEA,seasoned backup,-1.4884548516240843,-0.0426593872450011,0.032243607617153905,-0.04862295489341691,1073,38,0.8773507767784138,2026-09-20 20:25:00+00:00
J.Flacco,CIN,seasoned backup,-1.621200256218369,-0.051852869877160424,-0.04406961871249023,-0.05675698745696752,1586,44,0.913594470046083,2025-12-28 18:00:00+00:00
T.Bagent,CHI,starter,-1.6357142946324061,-0.05285806143531467,0.014857610211734327,-0.09270082131118,199,11,0.5702005730659025,2026-10-04 17:00:00+00:00
A.Kaliakmanis,WAS,starter,-1.6729917954962839,-0.05543977081960411,-0.055353994494885636,-0.3000269950237399,34,1,0.18478260869565216,2026-10-04 13:30:00+00:00
C.Keenum,CHI,seasoned backup,-1.7461929584149096,-0.060509427445406626,0.017099624706449476,-0.08072415821781419,449,19,0.7495826377295493,2026-09-29 00:15:00+00:00
D.Ridder,LV,seasoned backup,-1.778016136688245,-0.06271338951588432,-0.039838945056902,-0.07745791683153111,638,24,0.8096446700507615,2025-01-05 21:25:00+00:00
A.Richardson,IND,seasoned backup,-1.8036189327541106,-0.06448654966169615,-0.04204397548136414,-0.09048919065431556,372,16,0.7126436781609196,2025-10-05 17:00:00+00:00
K.Allen,DET,seasoned backup,-1.83435429508552,-0.06661517340313981,-0.01827593226030461,-0.08008185266253465,742,23,0.8318385650224215,2025-11-09 21:25:00+00:00
T.Huntley,BAL,seasoned backup,-1.8558560912265707,-0.06810431263162871,-0.009632694613067767,-0.08513039078953588,600,27,0.8,2026-10-04 17:00:00+00:00
K.Pickett,CAR,seasoned backup,-1.9427553603757786,-0.07412265220513267,-0.07954021856534176,-0.08700607958725308,863,36,0.8519249753208292,2026-09-13 17:00:00+00:00
B.Young,CAR,starter,-2.168444518143033,-0.08975309424221432,0.004632536232734636,-0.09776676337098346,1680,50,0.9180327868852459,2026-10-05 00:20:00+00:00
C.Rush,ATL,seasoned backup,-2.2376759346441237,-0.09454782010973391,-0.13412129496922734,-0.1160034525098248,661,35,0.815043156596794,2026-09-20 17:00:00+00:00
W.Levis,TEN,seasoned backup,-2.3354034980595024,-0.10131608948740856,-0.0657465134016016,-0.12559310773519017,626,21,0.8067010309278351,2025-01-05 18:00:00+00:00
D.Mills,HOU,seasoned backup,-2.446795927666159,-0.1090307397238727,-0.05799583155949068,-0.12285543199655309,1183,43,0.8874718679669917,2026-01-04 18:00:00+00:00
J.Fields,NYJ,seasoned backup,-2.4818201770266453,-0.11145639678661003,-0.053228281478903613,-0.12255026507990234,1507,56,0.9094749547374774,2025-11-14 01:15:00+00:00
J.Dobbs,NE,seasoned backup,-2.5803995277849077,-0.1182836579777266,-0.042002909201832965,-0.14850946495670272,587,22,0.7964721845318861,2026-01-04 21:25:00+00:00
T.Lance,LAC,limited sample,-2.6992434084937,-0.126514369666572,-0.12328017751395753,-0.21602925386461824,212,13,0.585635359116022,2026-01-04 21:25:00+00:00
D.Gabriel,CLE,limited sample,-2.7012702515307803,-0.12665474172929211,-0.09193631342310969,-0.2197832282949481,204,10,0.576271186440678,2025-12-21 18:00:00+00:00
J.McCarthy,MIN,limited sample,-2.7193945030690103,-0.1279099640267936,-0.09034491430857668,-0.1981901640415154,273,10,0.6453900709219859,2026-01-04 18:00:00+00:00
T.DeVito,NE,limited sample,-2.8619030147019844,-0.13777960531973996,-0.04786851219101755,-0.21432383049737327,270,12,0.6428571428571429,2026-09-27 17:00:00+00:00
C.Ward,TEN,starter,-2.9166293207948173,-0.14156975795157242,-0.11760206967157236,-0.1711456126768313,718,21,0.8271889400921659,2026-10-04 17:00:00+00:00
S.Rattler,NO,seasoned backup,-2.953502253156282,-0.14412344833579313,-0.08788195822927847,-0.18553823234033137,522,16,0.7767857142857143,2025-12-14 21:25:00+00:00
T.Boyle,NYG,limited sample,-2.9538848419380357,-0.1441499450972521,-0.047817718242516766,-0.23204625308338145,246,12,0.6212121212121212,2024-12-15 18:00:00+00:00
S.Howell,SEA,seasoned backup,-2.9758770715154883,-0.1456730500309462,-0.07822537941619813,-0.1760638115116721,719,19,0.8273878020713463,2024-12-16 01:20:00+00:00
S.Sanders,CLE,limited sample,-3.105854931453801,-0.1546748621958214,-0.12038202475030826,-0.25298515596435195,236,9,0.6113989637305699,2026-09-27 17:00:00+00:00
B.Allen,TEN,seasoned backup,-3.1758089826795315,-0.1595196352179726,-0.10150669048589885,-0.22847624986551118,347,16,0.6981891348088531,2026-01-04 18:00:00+00:00
B.Rypien,CIN,limited sample,-3.232482298705304,-0.1634446309508362,-0.032622411754976904,-0.299648490076533,180,10,0.5454545454545454,2025-09-21 17:00:00+00:00
B.Zappe,CLE,seasoned backup,-3.4247953986366118,-0.17676356390794226,-0.08122430267784062,-0.24920764747677107,366,15,0.7093023255813954,2025-01-04 21:30:00+00:00
Z.Wilson,MIA,seasoned backup,-3.6064272665852433,-0.1893427520804893,-0.09192873971280961,-0.21474652024871238,1118,37,0.8817034700315457,2026-01-04 21:25:00+00:00
B.Cook,NYJ,limited sample,-3.9276699881531814,-0.2115908998824328,-0.15779683702728214,-0.395051217699571,173,5,0.5356037151702786,2026-01-04 21:25:00+00:00
D.Thompson-Robinson,CLE,limited sample,-4.923295723288142,-0.2805444574995091,-0.12451735142917836,-0.45372004854858883,243,12,0.6183206106870229,2025-01-04 21:30:00+00:00
